X[m], Y[m], Z[m], Power[dBm], Phase[deg], nCap, nAnalyticPath, nAfterFiltering, nDuplicateRemoved
-12.5, -27.5, 1.5, -300, 0, 0, 0, 0, 0
-12.5, -27, 1.5, -300, 0, 0, 0, 0, 0
-12.5, -26.5, 1.5, -300, 0, 0, 0, 0, 0
-12.5, -26, 1.5, -300, 0, 0, 0, 0, 0
-12.5, -25.5, 1.5, -300, 0, 0, 0, 0, 0
-12.5, -25, 1.5, -300, 0, 0, 0, 0, 0
-12.5, -24.5, 1.5, -300, 0, 0, 0, 0, 0
-12.5, -24, 1.5, -300, 0, 0, 0, 0, 0
-12.5, -23.5, 1.5, -300, 0, 0, 0, 0, 0
-12.5, -23, 1.5, -300, 0, 0, 0, 0, 0
-12.5, -22.5, 1.5, -300, 0, 0, 0, 0, 0
-12.5, -22, 1.5, -300, 0, 0, 0, 0, 0
-12.5, -21.5, 1.5, -300, 0, 0, 0, 0, 0
-12.5, -21, 1.5, -300, 0, 0, 0, 0, 0
-12.5, -20.5, 1.5, -300, 0, 0, 0, 0, 0
-12.5, -20, 1.5, -300, 0, 0, 0, 0, 0
-12.5, -19.5, 1.5, -300, 0, 0, 0, 0, 0
-12.5, -19, 1.5, -300, 0, 0, 0, 0, 0
-12.5, -18.5, 1.5, -300, 0, 0, 0, 0, 0
-12.5, -18, 1.5, -300, 0, 0, 0, 0, 0
-12.5, -17.5, 1.5, -300, 0, 0, 0, 0, 0
-12, -27.5, 1.5, -300, 0, 0, 0, 0, 0
-12, -27, 1.5, -300, 0, 0, 0, 0, 0
-12, -26.5, 1.5, -300, 0, 0, 0, 0, 0
-12, -26, 1.5, -300, 0, 0, 0, 0, 0
-12, -25.5, 1.5, -300, 0, 0, 0, 0, 0
-12, -25, 1.5, -300, 0, 0, 0, 0, 0
-12, -24.5, 1.5, -300, 0, 0, 0, 0, 0
-12, -24, 1.5, -300, 0, 0, 0, 0, 0
-12, -23.5, 1.5, -300, 0, 0, 0, 0, 0
-12, -23, 1.5, -300, 0, 0, 0, 0, 0
-12, -22.5, 1.5, -300, 0, 0, 0, 0, 0
-12, -22, 1.5, -300, 0, 0, 0, 0, 0
-12, -21.5, 1.5, -300, 0, 0, 0, 0, 0
-12, -21, 1.5, -300, 0, 0, 0, 0, 0
-12, -20.5, 1.5, -300, 0, 0, 0, 0, 0
-12, -20, 1.5, -300, 0, 0, 0, 0, 0
-12, -19.5, 1.5, -300, 0, 0, 0, 0, 0
-12, -19, 1.5, -300, 0, 0, 0, 0, 0
-12, -18.5, 1.5, -300, 0, 0, 0, 0, 0
-12, -18, 1.5, -300, 0, 0, 0, 0, 0
-12, -17.5, 1.5, -300, 0, 0, 0, 0, 0
-11.5, -27.5, 1.5, -300, 0, 0, 0, 0, 0
-11.5, -27, 1.5, -300, 0, 0, 0, 0, 0
-11.5, -26.5, 1.5, -300, 0, 0, 0, 0, 0
-11.5, -26, 1.5, -300, 0, 0, 0, 0, 0
-11.5, -25.5, 1.5, -300, 0, 0, 0, 0, 0
-11.5, -25, 1.5, -300, 0, 0, 0, 0, 0
-11.5, -24.5, 1.5, -300, 0, 0, 0, 0, 0
-11.5, -24, 1.5, -300, 0, 0, 0, 0, 0
-11.5, -23.5, 1.5, -300, 0, 0, 0, 0, 0
-11.5, -23, 1.5, -300, 0, 0, 0, 0, 0
-11.5, -22.5, 1.5, -300, 0, 0, 0, 0, 0
-11.5, -22, 1.5, -300, 0, 0, 0, 0, 0
-11.5, -21.5, 1.5, -300, 0, 0, 0, 0, 0
-11.5, -21, 1.5, -300, 0, 0, 0, 0, 0
-11.5, -20.5, 1.5, -300, 0, 0, 0, 0, 0
-11.5, -20, 1.5, -300, 0, 0, 0, 0, 0
-11.5, -19.5, 1.5, -300, 0, 0, 0, 0, 0
-11.5, -19, 1.5, -300, 0, 0, 0, 0, 0
-11.5, -18.5, 1.5, -300, 0, 0, 0, 0, 0
-11.5, -18, 1.5, -300, 0, 0, 0, 0, 0
-11.5, -17.5, 1.5, -300, 0, 0, 0, 0, 0
-11, -27.5, 1.5, -300, 0, 0, 0, 0, 0
-11, -27, 1.5, -300, 0, 0, 0, 0, 0
-11, -26.5, 1.5, -300, 0, 0, 0, 0, 0
-11, -26, 1.5, -300, 0, 0, 0, 0, 0
-11, -25.5, 1.5, -300, 0, 0, 0, 0, 0
-11, -25, 1.5, -300, 0, 0, 0, 0, 0
-11, -24.5, 1.5, -300, 0, 0, 0, 0, 0
-11, -24, 1.5, -300, 0, 0, 0, 0, 0
-11, -23.5, 1.5, -300, 0, 0, 0, 0, 0
-11, -23, 1.5, -300, 0, 0, 0, 0, 0
-11, -22.5, 1.5, -300, 0, 0, 0, 0, 0
-11, -22, 1.5, -300, 0, 0, 0, 0, 0
-11, -21.5, 1.5, -300, 0, 0, 0, 0, 0
-11, -21, 1.5, -300, 0, 0, 0, 0, 0
-11, -20.5, 1.5, -300, 0, 0, 0, 0, 0
-11, -20, 1.5, -300, 0, 0, 0, 0, 0
-11, -19.5, 1.5, -300, 0, 0, 0, 0, 0
-11, -19, 1.5, -300, 0, 0, 0, 0, 0
-11, -18.5, 1.5, -300, 0, 0, 0, 0, 0
-11, -18, 1.5, -300, 0, 0, 0, 0, 0
-11, -17.5, 1.5, -300, 0, 0, 0, 0, 0
-11, -13.5, 1.5, -300, 0, 0, 0, 0, 0
-11, -13, 1.5, -300, 0, 0, 0, 0, 0
-11, -12.5, 1.5, -300, 0, 0, 0, 0, 0
-11, -12, 1.5, -300, 0, 0, 0, 0, 0
-10.5, -27.5, 1.5, -300, 0, 0, 0, 0, 0
-10.5, -27, 1.5, -300, 0, 0, 0, 0, 0
-10.5, -26.5, 1.5, -300, 0, 0, 0, 0, 0
-10.5, -26, 1.5, -300, 0, 0, 0, 0, 0
-10.5, -25.5, 1.5, -300, 0, 0, 0, 0, 0
-10.5, -25, 1.5, -300, 0, 0, 0, 0, 0
-10.5, -24.5, 1.5, -300, 0, 0, 0, 0, 0
-10.5, -24, 1.5, -300, 0, 0, 0, 0, 0
-10.5, -23.5, 1.5, -300, 0, 0, 0, 0, 0
-10.5, -23, 1.5, -300, 0, 0, 0, 0, 0
-10.5, -22.5, 1.5, -300, 0, 0, 0, 0, 0
-10.5, -22, 1.5, -300, 0, 0, 0, 0, 0
-10.5, -21.5, 1.5, -300, 0, 0, 0, 0, 0
-10.5, -21, 1.5, -300, 0, 0, 0, 0, 0
-10.5, -20.5, 1.5, -300, 0, 0, 0, 0, 0
-10.5, -20, 1.5, -300, 0, 0, 0, 0, 0
-10.5, -19.5, 1.5, -300, 0, 0, 0, 0, 0
-10.5, -19, 1.5, -300, 0, 0, 0, 0, 0
-10.5, -18.5, 1.5, -300, 0, 0, 0, 0, 0
-10.5, -18, 1.5, -300, 0, 0, 0, 0, 0
-10.5, -17.5, 1.5, -300, 0, 0, 0, 0, 0
-10.5, -17, 1.5, -300, 0, 0, 0, 0, 0
-10.5, -16.5, 1.5, -300, 0, 0, 0, 0, 0
-10.5, -16, 1.5, -300, 0, 0, 0, 0, 0
-10.5, -15.5, 1.5, -300, 0, 0, 0, 0, 0
-10.5, -15, 1.5, -300, 0, 0, 0, 0, 0
-10.5, -14.5, 1.5, -300, 0, 0, 0, 0, 0
-10.5, -14, 1.5, -300, 0, 0, 0, 0, 0
-10.5, -13.5, 1.5, -300, 0, 0, 0, 0, 0
-10.5, -13, 1.5, -300, 0, 0, 0, 0, 0
-10.5, -12.5, 1.5, -300, 0, 0, 0, 0, 0
-10.5, -12, 1.5, -300, 0, 0, 0, 0, 0
-10.5, -11.5, 1.5, -300, 0, 0, 0, 0, 0
-10.5, -11, 1.5, -300, 0, 0, 0, 0, 0
-10.5, -10.5, 1.5, -300, 0, 0, 0, 0, 0
-10.5, -10, 1.5, -300, 0, 0, 0, 0, 0
-10.5, -9.5, 1.5, -300, 0, 0, 0, 0, 0
-10.5, -9, 1.5, -300, 0, 0, 0, 0, 0
-10.5, -8.5, 1.5, -300, 0, 0, 0, 0, 0
-10.5, -8, 1.5, -300, 0, 0, 0, 0, 0
-10, -27.5, 1.5, -300, 0, 0, 0, 0, 0
-10, -27, 1.5, -300, 0, 0, 0, 0, 0
-10, -26.5, 1.5, -300, 0, 0, 0, 0, 0
-10, -26, 1.5, -300, 0, 0, 0, 0, 0
-10, -25.5, 1.5, -300, 0, 0, 0, 0, 0
-10, -25, 1.5, -300, 0, 0, 0, 0, 0
-10, -24.5, 1.5, -300, 0, 0, 0, 0, 0
-10, -24, 1.5, -300, 0, 0, 0, 0, 0
-10, -23.5, 1.5, -300, 0, 0, 0, 0, 0
-10, -23, 1.5, -300, 0, 0, 0, 0, 0
-10, -22.5, 1.5, -300, 0, 0, 0, 0, 0
-10, -22, 1.5, -300, 0, 0, 0, 0, 0
-10, -21.5, 1.5, -300, 0, 0, 0, 0, 0
-10, -21, 1.5, -300, 0, 0, 0, 0, 0
-10, -20.5, 1.5, -300, 0, 0, 0, 0, 0
-10, -20, 1.5, -300, 0, 0, 0, 0, 0
-10, -19.5, 1.5, -300, 0, 0, 0, 0, 0
-10, -19, 1.5, -300, 0, 0, 0, 0, 0
-10, -18.5, 1.5, -300, 0, 0, 0, 0, 0
-10, -18, 1.5, -300, 0, 0, 0, 0, 0
-10, -17.5, 1.5, -300, 0, 0, 0, 0, 0
-10, -17, 1.5, -300, 0, 0, 0, 0, 0
-10, -16.5, 1.5, -300, 0, 0, 0, 0, 0
-10, -16, 1.5, -300, 0, 0, 0, 0, 0
-10, -15.5, 1.5, -300, 0, 0, 0, 0, 0
-10, -15, 1.5, -300, 0, 0, 0, 0, 0
-10, -14.5, 1.5, -300, 0, 0, 0, 0, 0
-10, -14, 1.5, -300, 0, 0, 0, 0, 0
-10, -13.5, 1.5, -300, 0, 0, 0, 0, 0
-10, -13, 1.5, -300, 0, 0, 0, 0, 0
-10, -12.5, 1.5, -300, 0, 0, 0, 0, 0
-10, -12, 1.5, -300, 0, 0, 0, 0, 0
-10, -11.5, 1.5, -300, 0, 0, 0, 0, 0
-10, -11, 1.5, -300, 0, 0, 0, 0, 0
-10, -10.5, 1.5, -300, 0, 0, 0, 0, 0
-10, -10, 1.5, -300, 0, 0, 0, 0, 0
-10, -9.5, 1.5, -300, 0, 0, 0, 0, 0
-10, -9, 1.5, -300, 0, 0, 0, 0, 0
-10, -8.5, 1.5, -300, 0, 0, 0, 0, 0
-10, -8, 1.5, -300, 0, 0, 0, 0, 0
-9.5, -27.5, 1.5, -300, 0, 0, 0, 0, 0
-9.5, -27, 1.5, -300, 0, 0, 0, 0, 0
-9.5, -26.5, 1.5, -300, 0, 0, 0, 0, 0
-9.5, -26, 1.5, -300, 0, 0, 0, 0, 0
-9.5, -25.5, 1.5, -300, 0, 0, 0, 0, 0
-9.5, -25, 1.5, -300, 0, 0, 0, 0, 0
-9.5, -24.5, 1.5, -300, 0, 0, 0, 0, 0
-9.5, -24, 1.5, -300, 0, 0, 0, 0, 0
-9.5, -23.5, 1.5, -300, 0, 0, 0, 0, 0
-9.5, -23, 1.5, -300, 0, 0, 0, 0, 0
-9.5, -22.5, 1.5, -300, 0, 0, 0, 0, 0
-9.5, -22, 1.5, -300, 0, 0, 0, 0, 0
-9.5, -21.5, 1.5, -300, 0, 0, 0, 0, 0
-9.5, -21, 1.5, -300, 0, 0, 0, 0, 0
-9.5, -20.5, 1.5, -300, 0, 0, 0, 0, 0
-9.5, -20, 1.5, -300, 0, 0, 0, 0, 0
-9.5, -19.5, 1.5, -300, 0, 0, 0, 0, 0
-9.5, -19, 1.5, -300, 0, 0, 0, 0, 0
-9.5, -18.5, 1.5, -300, 0, 0, 0, 0, 0
-9.5, -18, 1.5, -300, 0, 0, 0, 0, 0
-9.5, -17.5, 1.5, -300, 0, 0, 0, 0, 0
-9.5, -17, 1.5, -300, 0, 0, 0, 0, 0
-9.5, -16.5, 1.5, -300, 0, 0, 0, 0, 0
-9.5, -16, 1.5, -300, 0, 0, 0, 0, 0
-9.5, -15.5, 1.5, -300, 0, 0, 0, 0, 0
-9.5, -15, 1.5, -300, 0, 0, 0, 0, 0
-9.5, -14.5, 1.5, -300, 0, 0, 0, 0, 0
-9.5, -14, 1.5, -300, 0, 0, 0, 0, 0
-9.5, -13.5, 1.5, -300, 0, 0, 0, 0, 0
-9.5, -13, 1.5, -300, 0, 0, 0, 0, 0
-9.5, -12.5, 1.5, -300, 0, 0, 0, 0, 0
-9.5, -12, 1.5, -300, 0, 0, 0, 0, 0
-9.5, -11.5, 1.5, -300, 0, 0, 0, 0, 0
-9.5, -11, 1.5, -300, 0, 0, 0, 0, 0
-9.5, -10.5, 1.5, -300, 0, 0, 0, 0, 0
-9.5, -10, 1.5, -300, 0, 0, 0, 0, 0
-9.5, -9.5, 1.5, -300, 0, 0, 0, 0, 0
-9.5, -9, 1.5, -300, 0, 0, 0, 0, 0
-9.5, -8.5, 1.5, -300, 0, 0, 0, 0, 0
-9.5, -8, 1.5, -300, 0, 0, 0, 0, 0
-9, -27.5, 1.5, -300, 0, 0, 0, 0, 0
-9, -27, 1.5, -300, 0, 0, 0, 0, 0
-9, -26.5, 1.5, -300, 0, 0, 0, 0, 0
-9, -26, 1.5, -300, 0, 0, 0, 0, 0
-9, -25.5, 1.5, -300, 0, 0, 0, 0, 0
-9, -25, 1.5, -300, 0, 0, 0, 0, 0
-9, -24.5, 1.5, -300, 0, 0, 0, 0, 0
-9, -24, 1.5, -300, 0, 0, 0, 0, 0
-9, -23.5, 1.5, -300, 0, 0, 0, 0, 0
-9, -23, 1.5, -300, 0, 0, 0, 0, 0
-9, -22.5, 1.5, -300, 0, 0, 0, 0, 0
-9, -22, 1.5, -300, 0, 0, 0, 0, 0
-9, -21.5, 1.5, -300, 0, 0, 0, 0, 0
-9, -21, 1.5, -300, 0, 0, 0, 0, 0
-9, -20.5, 1.5, -300, 0, 0, 0, 0, 0
-9, -20, 1.5, -300, 0, 0, 0, 0, 0
-9, -19.5, 1.5, -300, 0, 0, 0, 0, 0
-9, -19, 1.5, -300, 0, 0, 0, 0, 0
-9, -18.5, 1.5, -300, 0, 0, 0, 0, 0
-9, -18, 1.5, -300, 0, 0, 0, 0, 0
-9, -17.5, 1.5, -300, 0, 0, 0, 0, 0
-9, -17, 1.5, -300, 0, 0, 0, 0, 0
-9, -16.5, 1.5, -300, 0, 0, 0, 0, 0
-9, -16, 1.5, -300, 0, 0, 0, 0, 0
-9, -15.5, 1.5, -300, 0, 0, 0, 0, 0
-9, -15, 1.5, -300, 0, 0, 0, 0, 0
-9, -14.5, 1.5, -300, 0, 0, 0, 0, 0
-9, -14, 1.5, -300, 0, 0, 0, 0, 0
-9, -13.5, 1.5, -300, 0, 0, 0, 0, 0
-9, -13, 1.5, -300, 0, 0, 0, 0, 0
-9, -12.5, 1.5, -300, 0, 0, 0, 0, 0
-9, -12, 1.5, -300, 0, 0, 0, 0, 0
-9, -11.5, 1.5, -300, 0, 0, 0, 0, 0
-9, -11, 1.5, -300, 0, 0, 0, 0, 0
-9, -10.5, 1.5, -300, 0, 0, 0, 0, 0
-9, -10, 1.5, -300, 0, 0, 0, 0, 0
-9, -9.5, 1.5, -300, 0, 0, 0, 0, 0
-9, -9, 1.5, -300, 0, 0, 0, 0, 0
-9, -8.5, 1.5, -300, 0, 0, 0, 0, 0
-9, -8, 1.5, -300, 0, 0, 0, 0, 0
-29, -5, 1.5, -300, 0, 0, 0, 0, 0
-29, -4.5, 1.5, -300, 0, 0, 0, 0, 0
-29, -4, 1.5, -300, 0, 0, 0, 0, 0
-29, -3.5, 1.5, -300, 0, 0, 0, 0, 0
-29, -3, 1.5, -300, 0, 0, 0, 0, 0
-29, -2.5, 1.5, -300, 0, 0, 0, 0, 0
-29, -2, 1.5, -300, 0, 0, 0, 0, 0
-28.5, -5, 1.5, -300, 0, 0, 0, 0, 0
-28.5, -4.5, 1.5, -300, 0, 0, 0, 0, 0
-28.5, -4, 1.5, -300, 0, 0, 0, 0, 0
-28.5, -3.5, 1.5, -300, 0, 0, 0, 0, 0
-28.5, -3, 1.5, -300, 0, 0, 0, 0, 0
-28.5, -2.5, 1.5, -300, 0, 0, 0, 0, 0
-28.5, -2, 1.5, -300, 0, 0, 0, 0, 0
-28, -7, 1.5, -300, 0, 0, 0, 0, 0
-28, -6.5, 1.5, -300, 0, 0, 0, 0, 0
-28, -6, 1.5, -300, 0, 0, 0, 0, 0
-28, -5.5, 1.5, -300, 0, 0, 0, 0, 0
-28, -5, 1.5, -300, 0, 0, 0, 0, 0
-28, -4.5, 1.5, -300, 0, 0, 0, 0, 0
-28, -4, 1.5, -300, 0, 0, 0, 0, 0
-28, -3.5, 1.5, -300, 0, 0, 0, 0, 0
-28, -3, 1.5, -300, 0, 0, 0, 0, 0
-28, -2.5, 1.5, -300, 0, 0, 0, 0, 0
-28, -2, 1.5, -300, 0, 0, 0, 0, 0
-27.5, -7, 1.5, -300, 0, 0, 0, 0, 0
-27.5, -6.5, 1.5, -300, 0, 0, 0, 0, 0
-27.5, -6, 1.5, -300, 0, 0, 0, 0, 0
-27.5, -5.5, 1.5, -300, 0, 0, 0, 0, 0
-27.5, -5, 1.5, -300, 0, 0, 0, 0, 0
-27.5, -4.5, 1.5, -300, 0, 0, 0, 0, 0
-27.5, -4, 1.5, -300, 0, 0, 0, 0, 0
-27.5, -3.5, 1.5, -300, 0, 0, 0, 0, 0
-27.5, -3, 1.5, -300, 0, 0, 0, 0, 0
-27.5, -2.5, 1.5, -300, 0, 0, 0, 0, 0
-27.5, -2, 1.5, -300, 0, 0, 0, 0, 0
-27, -7, 1.5, -300, 0, 0, 0, 0, 0
-27, -6.5, 1.5, -300, 0, 0, 0, 0, 0
-27, -6, 1.5, -300, 0, 0, 0, 0, 0
-27, -5.5, 1.5, -300, 0, 0, 0, 0, 0
-27, -5, 1.5, -300, 0, 0, 0, 0, 0
-27, -4.5, 1.5, -300, 0, 0, 0, 0, 0
-27, -4, 1.5, -300, 0, 0, 0, 0, 0
-27, -3.5, 1.5, -300, 0, 0, 0, 0, 0
-27, -3, 1.5, -300, 0, 0, 0, 0, 0
-27, -2.5, 1.5, -300, 0, 0, 0, 0, 0
-27, -2, 1.5, -300, 0, 0, 0, 0, 0
-26.5, -7, 1.5, -300, 0, 0, 0, 0, 0
-26.5, -6.5, 1.5, -300, 0, 0, 0, 0, 0
-26.5, -6, 1.5, -300, 0, 0, 0, 0, 0
-26.5, -5.5, 1.5, -300, 0, 0, 0, 0, 0
-26.5, -5, 1.5, -300, 0, 0, 0, 0, 0
-26.5, -4.5, 1.5, -300, 0, 0, 0, 0, 0
-26.5, -4, 1.5, -300, 0, 0, 0, 0, 0
-26.5, -3.5, 1.5, -300, 0, 0, 0, 0, 0
-26.5, -3, 1.5, -300, 0, 0, 0, 0, 0
-26.5, -2.5, 1.5, -300, 0, 0, 0, 0, 0
-26.5, -2, 1.5, -300, 0, 0, 0, 0, 0
-26, -7, 1.5, -300, 0, 0, 0, 0, 0
-26, -6.5, 1.5, -300, 0, 0, 0, 0, 0
-26, -6, 1.5, -300, 0, 0, 0, 0, 0
-26, -5.5, 1.5, -300, 0, 0, 0, 0, 0
-26, -5, 1.5, -300, 0, 0, 0, 0, 0
-26, -4.5, 1.5, -300, 0, 0, 0, 0, 0
-26, -4, 1.5, -300, 0, 0, 0, 0, 0
-26, -3.5, 1.5, -300, 0, 0, 0, 0, 0
-26, -3, 1.5, -300, 0, 0, 0, 0, 0
-26, -2.5, 1.5, -300, 0, 0, 0, 0, 0
-26, -2, 1.5, -300, 0, 0, 0, 0, 0
-26, -1.5, 1.5, -300, 0, 0, 0, 0, 0
-26, -1, 1.5, -300, 0, 0, 0, 0, 0
-26, -0.5, 1.5, -300, 0, 0, 0, 0, 0
-26, 0, 1.5, -300, 0, 0, 0, 0, 0
-26, 0.5, 1.5, -300, 0, 0, 0, 0, 0
-26, 1, 1.5, -300, 0, 0, 0, 0, 0
-26, 1.5, 1.5, -300, 0, 0, 0, 0, 0
-26, 2, 1.5, -300, 0, 0, 0, 0, 0
-26, 2.5, 1.5, -300, 0, 0, 0, 0, 0
-26, 3, 1.5, -300, 0, 0, 0, 0, 0
-26, 3.5, 1.5, -300, 0, 0, 0, 0, 0
-26, 4, 1.5, -300, 0, 0, 0, 0, 0
-26, 4.5, 1.5, -300, 0, 0, 0, 0, 0
-26, 5, 1.5, -300, 0, 0, 0, 0, 0
-26, 5.5, 1.5, -300, 0, 0, 0, 0, 0
-26, 6, 1.5, -300, 0, 0, 0, 0, 0
-26, 6.5, 1.5, -300, 0, 0, 0, 0, 0
-26, 7, 1.5, -300, 0, 0, 0, 0, 0
-26, 7.5, 1.5, -300, 0, 0, 0, 0, 0
-26, 8, 1.5, -300, 0, 0, 0, 0, 0
-26, 8.5, 1.5, -300, 0, 0, 0, 0, 0
-26, 9, 1.5, -300, 0, 0, 0, 0, 0
-26, 9.5, 1.5, -300, 0, 0, 0, 0, 0
-26, 10, 1.5, -300, 0, 0, 0, 0, 0
-25.5, -7, 1.5, -300, 0, 0, 0, 0, 0
-25.5, -6.5, 1.5, -300, 0, 0, 0, 0, 0
-25.5, -6, 1.5, -300, 0, 0, 0, 0, 0
-25.5, -5.5, 1.5, -300, 0, 0, 0, 0, 0
-25.5, -5, 1.5, -300, 0, 0, 0, 0, 0
-25.5, -4.5, 1.5, -300, 0, 0, 0, 0, 0
-25.5, -4, 1.5, -300, 0, 0, 0, 0, 0
-25.5, -3.5, 1.5, -300, 0, 0, 0, 0, 0
-25.5, -3, 1.5, -300, 0, 0, 0, 0, 0
-25.5, -2.5, 1.5, -300, 0, 0, 0, 0, 0
-25.5, -2, 1.5, -300, 0, 0, 0, 0, 0
-25.5, -1.5, 1.5, -300, 0, 0, 0, 0, 0
-25.5, -1, 1.5, -300, 0, 0, 0, 0, 0
-25.5, -0.5, 1.5, -300, 0, 0, 0, 0, 0
-25.5, 0, 1.5, -300, 0, 0, 0, 0, 0
-25.5, 0.5, 1.5, -300, 0, 0, 0, 0, 0
-25.5, 1, 1.5, -300, 0, 0, 0, 0, 0
-25.5, 1.5, 1.5, -300, 0, 0, 0, 0, 0
-25.5, 2, 1.5, -300, 0, 0, 0, 0, 0
-25.5, 2.5, 1.5, -300, 0, 0, 0, 0, 0
-25.5, 3, 1.5, -300, 0, 0, 0, 0, 0
-25.5, 3.5, 1.5, -300, 0, 0, 0, 0, 0
-25.5, 4, 1.5, -300, 0, 0, 0, 0, 0
-25.5, 4.5, 1.5, -300, 0, 0, 0, 0, 0
-25.5, 5, 1.5, -300, 0, 0, 0, 0, 0
-25.5, 5.5, 1.5, -300, 0, 0, 0, 0, 0
-25.5, 6, 1.5, -300, 0, 0, 0, 0, 0
-25.5, 6.5, 1.5, -300, 0, 0, 0, 0, 0
-25.5, 7, 1.5, -300, 0, 0, 0, 0, 0
-25.5, 7.5, 1.5, -300, 0, 0, 0, 0, 0
-25.5, 8, 1.5, -300, 0, 0, 0, 0, 0
-25.5, 8.5, 1.5, -300, 0, 0, 0, 0, 0
-25.5, 9, 1.5, -300, 0, 0, 0, 0, 0
-25.5, 9.5, 1.5, -300, 0, 0, 0, 0, 0
-25.5, 10, 1.5, -300, 0, 0, 0, 0, 0
-25, -7, 1.5, -300, 0, 0, 0, 0, 0
-25, -6.5, 1.5, -300, 0, 0, 0, 0, 0
-25, -6, 1.5, -300, 0, 0, 0, 0, 0
-25, -5.5, 1.5, -300, 0, 0, 0, 0, 0
-25, -5, 1.5, -300, 0, 0, 0, 0, 0
-25, -4.5, 1.5, -300, 0, 0, 0, 0, 0
-25, -4, 1.5, -300, 0, 0, 0, 0, 0
-25, -3.5, 1.5, -300, 0, 0, 0, 0, 0
-25, -3, 1.5, -300, 0, 0, 0, 0, 0
-25, -2.5, 1.5, -300, 0, 0, 0, 0, 0
-25, -2, 1.5, -300, 0, 0, 0, 0, 0
-25, -1.5, 1.5, -300, 0, 0, 0, 0, 0
-25, -1, 1.5, -300, 0, 0, 0, 0, 0
-25, -0.5, 1.5, -300, 0, 0, 0, 0, 0
-25, 0, 1.5, -300, 0, 0, 0, 0, 0
-25, 0.5, 1.5, -300, 0, 0, 0, 0, 0
-25, 1, 1.5, -300, 0, 0, 0, 0, 0
-25, 1.5, 1.5, -300, 0, 0, 0, 0, 0
-25, 2, 1.5, -300, 0, 0, 0, 0, 0
-25, 2.5, 1.5, -300, 0, 0, 0, 0, 0
-25, 3, 1.5, -300, 0, 0, 0, 0, 0
-25, 3.5, 1.5, -300, 0, 0, 0, 0, 0
-25, 4, 1.5, -300, 0, 0, 0, 0, 0
-25, 4.5, 1.5, -300, 0, 0, 0, 0, 0
-25, 5, 1.5, -300, 0, 0, 0, 0, 0
-25, 5.5, 1.5, -300, 0, 0, 0, 0, 0
-25, 6, 1.5, -300, 0, 0, 0, 0, 0
-25, 6.5, 1.5, -300, 0, 0, 0, 0, 0
-25, 7, 1.5, -300, 0, 0, 0, 0, 0
-25, 7.5, 1.5, -300, 0, 0, 0, 0, 0
-25, 8, 1.5, -300, 0, 0, 0, 0, 0
-25, 8.5, 1.5, -300, 0, 0, 0, 0, 0
-25, 9, 1.5, -300, 0, 0, 0, 0, 0
-25, 9.5, 1.5, -300, 0, 0, 0, 0, 0
-25, 10, 1.5, -300, 0, 0, 0, 0, 0
-24.5, -7, 1.5, -300, 0, 0, 0, 0, 0
-24.5, -6.5, 1.5, -300, 0, 0, 0, 0, 0
-24.5, -6, 1.5, -300, 0, 0, 0, 0, 0
-24.5, -5.5, 1.5, -300, 0, 0, 0, 0, 0
-24.5, -5, 1.5, -300, 0, 0, 0, 0, 0
-24.5, -4.5, 1.5, -300, 0, 0, 0, 0, 0
-24.5, -4, 1.5, -300, 0, 0, 0, 0, 0
-24.5, -3.5, 1.5, -300, 0, 0, 0, 0, 0
-24.5, -3, 1.5, -300, 0, 0, 0, 0, 0
-24.5, -2.5, 1.5, -300, 0, 0, 0, 0, 0
-24.5, -2, 1.5, -300, 0, 0, 0, 0, 0
-24.5, -1.5, 1.5, -300, 0, 0, 0, 0, 0
-24.5, -1, 1.5, -300, 0, 0, 0, 0, 0
-24.5, -0.5, 1.5, -300, 0, 0, 0, 0, 0
-24.5, 0, 1.5, -300, 0, 0, 0, 0, 0
-24.5, 0.5, 1.5, -300, 0, 0, 0, 0, 0
-24.5, 1, 1.5, -300, 0, 0, 0, 0, 0
-24.5, 1.5, 1.5, -300, 0, 0, 0, 0, 0
-24.5, 2, 1.5, -300, 0, 0, 0, 0, 0
-24.5, 2.5, 1.5, -300, 0, 0, 0, 0, 0
-24.5, 3, 1.5, -300, 0, 0, 0, 0, 0
-24.5, 3.5, 1.5, -300, 0, 0, 0, 0, 0
-24.5, 4, 1.5, -300, 0, 0, 0, 0, 0
-24.5, 4.5, 1.5, -300, 0, 0, 0, 0, 0
-24.5, 5, 1.5, -300, 0, 0, 0, 0, 0
-24.5, 5.5, 1.5, -300, 0, 0, 0, 0, 0
-24.5, 6, 1.5, -300, 0, 0, 0, 0, 0
-24.5, 6.5, 1.5, -300, 0, 0, 0, 0, 0
-24.5, 7, 1.5, -300, 0, 0, 0, 0, 0
-24.5, 7.5, 1.5, -300, 0, 0, 0, 0, 0
-24.5, 8, 1.5, -300, 0, 0, 0, 0, 0
-24.5, 8.5, 1.5, -300, 0, 0, 0, 0, 0
-24.5, 9, 1.5, -300, 0, 0, 0, 0, 0
-24.5, 9.5, 1.5, -300, 0, 0, 0, 0, 0
-24.5, 10, 1.5, -300, 0, 0, 0, 0, 0
-24, -7, 1.5, -300, 0, 0, 0, 0, 0
-24, -6.5, 1.5, -300, 0, 0, 0, 0, 0
-24, -6, 1.5, -300, 0, 0, 0, 0, 0
-24, -5.5, 1.5, -300, 0, 0, 0, 0, 0
-24, -5, 1.5, -300, 0, 0, 0, 0, 0
-24, -4.5, 1.5, -300, 0, 0, 0, 0, 0
-24, -4, 1.5, -300, 0, 0, 0, 0, 0
-24, -3.5, 1.5, -300, 0, 0, 0, 0, 0
-24, -3, 1.5, -300, 0, 0, 0, 0, 0
-24, -2.5, 1.5, -300, 0, 0, 0, 0, 0
-24, -2, 1.5, -300, 0, 0, 0, 0, 0
-24, -1.5, 1.5, -300, 0, 0, 0, 0, 0
-24, -1, 1.5, -300, 0, 0, 0, 0, 0
-24, -0.5, 1.5, -300, 0, 0, 0, 0, 0
-24, 0, 1.5, -300, 0, 0, 0, 0, 0
-24, 0.5, 1.5, -300, 0, 0, 0, 0, 0
-24, 1, 1.5, -300, 0, 0, 0, 0, 0
-24, 1.5, 1.5, -300, 0, 0, 0, 0, 0
-24, 2, 1.5, -300, 0, 0, 0, 0, 0
-24, 2.5, 1.5, -300, 0, 0, 0, 0, 0
-24, 3, 1.5, -300, 0, 0, 0, 0, 0
-24, 3.5, 1.5, -300, 0, 0, 0, 0, 0
-24, 4, 1.5, -300, 0, 0, 0, 0, 0
-24, 4.5, 1.5, -300, 0, 0, 0, 0, 0
-24, 5, 1.5, -300, 0, 0, 0, 0, 0
-24, 5.5, 1.5, -300, 0, 0, 0, 0, 0
-24, 6, 1.5, -300, 0, 0, 0, 0, 0
-24, 6.5, 1.5, -300, 0, 0, 0, 0, 0
-24, 7, 1.5, -300, 0, 0, 0, 0, 0
-24, 7.5, 1.5, -300, 0, 0, 0, 0, 0
-24, 8, 1.5, -300, 0, 0, 0, 0, 0
-24, 8.5, 1.5, -300, 0, 0, 0, 0, 0
-24, 9, 1.5, -300, 0, 0, 0, 0, 0
-24, 9.5, 1.5, -300, 0, 0, 0, 0, 0
-24, 10, 1.5, -300, 0, 0, 0, 0, 0
-23.5, -7, 1.5, -300, 0, 0, 0, 0, 0
-23.5, -6.5, 1.5, -300, 0, 0, 0, 0, 0
-23.5, -6, 1.5, -300, 0, 0, 0, 0, 0
-23.5, -5.5, 1.5, -300, 0, 0, 0, 0, 0
-23.5, -5, 1.5, -300, 0, 0, 0, 0, 0
-23.5, -4.5, 1.5, -300, 0, 0, 0, 0, 0
-23.5, -4, 1.5, -300, 0, 0, 0, 0, 0
-23.5, -3.5, 1.5, -300, 0, 0, 0, 0, 0
-23.5, -3, 1.5, -300, 0, 0, 0, 0, 0
-23.5, -2.5, 1.5, -300, 0, 0, 0, 0, 0
-23.5, -2, 1.5, -300, 0, 0, 0, 0, 0
-23.5, -1.5, 1.5, -300, 0, 0, 0, 0, 0
-23.5, -1, 1.5, -300, 0, 0, 0, 0, 0
-23.5, -0.5, 1.5, -300, 0, 0, 0, 0, 0
-23.5, 0, 1.5, -300, 0, 0, 0, 0, 0
-23.5, 0.5, 1.5, -300, 0, 0, 0, 0, 0
-23.5, 1, 1.5, -300, 0, 0, 0, 0, 0
-23.5, 1.5, 1.5, -300, 0, 0, 0, 0, 0
-23.5, 2, 1.5, -300, 0, 0, 0, 0, 0
-23.5, 2.5, 1.5, -300, 0, 0, 0, 0, 0
-23.5, 3, 1.5, -300, 0, 0, 0, 0, 0
-23.5, 3.5, 1.5, -300, 0, 0, 0, 0, 0
-23.5, 4, 1.5, -300, 0, 0, 0, 0, 0
-23.5, 4.5, 1.5, -300, 0, 0, 0, 0, 0
-23.5, 5, 1.5, -300, 0, 0, 0, 0, 0
-23.5, 5.5, 1.5, -300, 0, 0, 0, 0, 0
-23.5, 6, 1.5, -300, 0, 0, 0, 0, 0
-23.5, 6.5, 1.5, -300, 0, 0, 0, 0, 0
-23.5, 7, 1.5, -300, 0, 0, 0, 0, 0
-23.5, 7.5, 1.5, -300, 0, 0, 0, 0, 0
-23.5, 8, 1.5, -300, 0, 0, 0, 0, 0
-23.5, 8.5, 1.5, -300, 0, 0, 0, 0, 0
-23.5, 9, 1.5, -300, 0, 0, 0, 0, 0
-23.5, 9.5, 1.5, -300, 0, 0, 0, 0, 0
-23.5, 10, 1.5, -300, 0, 0, 0, 0, 0
-23, -7, 1.5, -300, 0, 0, 0, 0, 0
-23, -6.5, 1.5, -300, 0, 0, 0, 0, 0
-23, -6, 1.5, -300, 0, 0, 0, 0, 0
-23, -5.5, 1.5, -300, 0, 0, 0, 0, 0
-23, -5, 1.5, -300, 0, 0, 0, 0, 0
-23, -4.5, 1.5, -300, 0, 0, 0, 0, 0
-23, -4, 1.5, -300, 0, 0, 0, 0, 0
-23, -3.5, 1.5, -300, 0, 0, 0, 0, 0
-23, -3, 1.5, -300, 0, 0, 0, 0, 0
-23, -2.5, 1.5, -300, 0, 0, 0, 0, 0
-23, -2, 1.5, -300, 0, 0, 0, 0, 0
-23, -1.5, 1.5, -300, 0, 0, 0, 0, 0
-23, -1, 1.5, -300, 0, 0, 0, 0, 0
-23, -0.5, 1.5, -300, 0, 0, 0, 0, 0
-23, 0, 1.5, -300, 0, 0, 0, 0, 0
-23, 0.5, 1.5, -300, 0, 0, 0, 0, 0
-23, 1, 1.5, -300, 0, 0, 0, 0, 0
-23, 1.5, 1.5, -300, 0, 0, 0, 0, 0
-23, 2, 1.5, -300, 0, 0, 0, 0, 0
-23, 2.5, 1.5, -300, 0, 0, 0, 0, 0
-23, 3, 1.5, -300, 0, 0, 0, 0, 0
-23, 3.5, 1.5, -300, 0, 0, 0, 0, 0
-23, 4, 1.5, -300, 0, 0, 0, 0, 0
-23, 4.5, 1.5, -300, 0, 0, 0, 0, 0
-23, 5, 1.5, -300, 0, 0, 0, 0, 0
-23, 5.5, 1.5, -300, 0, 0, 0, 0, 0
-23, 6, 1.5, -300, 0, 0, 0, 0, 0
-23, 6.5, 1.5, -300, 0, 0, 0, 0, 0
-23, 7, 1.5, -300, 0, 0, 0, 0, 0
-23, 7.5, 1.5, -300, 0, 0, 0, 0, 0
-23, 8, 1.5, -300, 0, 0, 0, 0, 0
-23, 8.5, 1.5, -300, 0, 0, 0, 0, 0
-23, 9, 1.5, -300, 0, 0, 0, 0, 0
-23, 9.5, 1.5, -300, 0, 0, 0, 0, 0
-23, 10, 1.5, -300, 0, 0, 0, 0, 0
-22.5, -7, 1.5, -300, 0, 0, 0, 0, 0
-22.5, -6.5, 1.5, -300, 0, 0, 0, 0, 0
-22.5, -6, 1.5, -300, 0, 0, 0, 0, 0
-22.5, -5.5, 1.5, -300, 0, 0, 0, 0, 0
-22.5, -5, 1.5, -300, 0, 0, 0, 0, 0
-22.5, -4.5, 1.5, -300, 0, 0, 0, 0, 0
-22.5, -4, 1.5, -300, 0, 0, 0, 0, 0
-22.5, -3.5, 1.5, -300, 0, 0, 0, 0, 0
-22.5, -3, 1.5, -300, 0, 0, 0, 0, 0
-22.5, -2.5, 1.5, -300, 0, 0, 0, 0, 0
-22.5, -2, 1.5, -300, 0, 0, 0, 0, 0
-22.5, -1.5, 1.5, -300, 0, 0, 0, 0, 0
-22.5, -1, 1.5, -300, 0, 0, 0, 0, 0
-22.5, -0.5, 1.5, -300, 0, 0, 0, 0, 0
-22.5, 0, 1.5, -300, 0, 0, 0, 0, 0
-22.5, 0.5, 1.5, -300, 0, 0, 0, 0, 0
-22.5, 1, 1.5, -300, 0, 0, 0, 0, 0
-22.5, 1.5, 1.5, -300, 0, 0, 0, 0, 0
-22.5, 2, 1.5, -300, 0, 0, 0, 0, 0
-22.5, 2.5, 1.5, -300, 0, 0, 0, 0, 0
-22.5, 3, 1.5, -300, 0, 0, 0, 0, 0
-22.5, 3.5, 1.5, -300, 0, 0, 0, 0, 0
-22.5, 4, 1.5, -300, 0, 0, 0, 0, 0
-22.5, 4.5, 1.5, -300, 0, 0, 0, 0, 0
-22.5, 5, 1.5, -300, 0, 0, 0, 0, 0
-22.5, 5.5, 1.5, -300, 0, 0, 0, 0, 0
-22.5, 6, 1.5, -300, 0, 0, 0, 0, 0
-22.5, 6.5, 1.5, -300, 0, 0, 0, 0, 0
-22.5, 7, 1.5, -300, 0, 0, 0, 0, 0
-22.5, 7.5, 1.5, -300, 0, 0, 0, 0, 0
-22.5, 8, 1.5, -300, 0, 0, 0, 0, 0
-22.5, 8.5, 1.5, -300, 0, 0, 0, 0, 0
-22.5, 9, 1.5, -300, 0, 0, 0, 0, 0
-22.5, 9.5, 1.5, -300, 0, 0, 0, 0, 0
-22.5, 10, 1.5, -300, 0, 0, 0, 0, 0
-22, -7, 1.5, -300, 0, 0, 0, 0, 0
-22, -6.5, 1.5, -300, 0, 0, 0, 0, 0
-22, -6, 1.5, -300, 0, 0, 0, 0, 0
-22, -5.5, 1.5, -300, 0, 0, 0, 0, 0
-22, -5, 1.5, -300, 0, 0, 0, 0, 0
-22, -4.5, 1.5, -300, 0, 0, 0, 0, 0
-22, -4, 1.5, -300, 0, 0, 0, 0, 0
-22, -3.5, 1.5, -300, 0, 0, 0, 0, 0
-22, -3, 1.5, -300, 0, 0, 0, 0, 0
-22, -2.5, 1.5, -300, 0, 0, 0, 0, 0
-22, -2, 1.5, -300, 0, 0, 0, 0, 0
-22, -1.5, 1.5, -300, 0, 0, 0, 0, 0
-22, 2.5, 1.5, -300, 0, 0, 0, 0, 0
-22, 3, 1.5, -300, 0, 0, 0, 0, 0
-22, 3.5, 1.5, -300, 0, 0, 0, 0, 0
-22, 4, 1.5, -300, 0, 0, 0, 0, 0
-22, 4.5, 1.5, -300, 0, 0, 0, 0, 0
-22, 5, 1.5, -300, 0, 0, 0, 0, 0
-22, 5.5, 1.5, -300, 0, 0, 0, 0, 0
-22, 6, 1.5, -300, 0, 0, 0, 0, 0
-22, 6.5, 1.5, -300, 0, 0, 0, 0, 0
-22, 7, 1.5, -300, 0, 0, 0, 0, 0
-22, 7.5, 1.5, -300, 0, 0, 0, 0, 0
-22, 8, 1.5, -300, 0, 0, 0, 0, 0
-22, 8.5, 1.5, -300, 0, 0, 0, 0, 0
-22, 9, 1.5, -300, 0, 0, 0, 0, 0
-22, 9.5, 1.5, -300, 0, 0, 0, 0, 0
-22, 10, 1.5, -300, 0, 0, 0, 0, 0
-21.5, -7, 1.5, -300, 0, 0, 0, 0, 0
-21.5, -6.5, 1.5, -300, 0, 0, 0, 0, 0
-21.5, -6, 1.5, -300, 0, 0, 0, 0, 0
-21.5, -5.5, 1.5, -300, 0, 0, 0, 0, 0
-21.5, -5, 1.5, -300, 0, 0, 0, 0, 0
-21.5, -4.5, 1.5, -300, 0, 0, 0, 0, 0
-21.5, -4, 1.5, -300, 0, 0, 0, 0, 0
-21.5, -3.5, 1.5, -300, 0, 0, 0, 0, 0
-21.5, -3, 1.5, -300, 0, 0, 0, 0, 0
-21.5, -2.5, 1.5, -300, 0, 0, 0, 0, 0
-21.5, -2, 1.5, -300, 0, 0, 0, 0, 0
-21.5, 2.5, 1.5, -300, 0, 0, 0, 0, 0
-21.5, 3, 1.5, -300, 0, 0, 0, 0, 0
-21.5, 3.5, 1.5, -300, 0, 0, 0, 0, 0
-21.5, 4, 1.5, -300, 0, 0, 0, 0, 0
-21.5, 4.5, 1.5, -300, 0, 0, 0, 0, 0
-21.5, 5, 1.5, -300, 0, 0, 0, 0, 0
-21.5, 5.5, 1.5, -300, 0, 0, 0, 0, 0
-21.5, 6, 1.5, -300, 0, 0, 0, 0, 0
-21.5, 6.5, 1.5, -300, 0, 0, 0, 0, 0
-21.5, 7, 1.5, -300, 0, 0, 0, 0, 0
-21.5, 7.5, 1.5, -300, 0, 0, 0, 0, 0
-21.5, 8, 1.5, -300, 0, 0, 0, 0, 0
-21.5, 8.5, 1.5, -300, 0, 0, 0, 0, 0
-21.5, 9, 1.5, -300, 0, 0, 0, 0, 0
-21.5, 9.5, 1.5, -300, 0, 0, 0, 0, 0
-21.5, 10, 1.5, -300, 0, 0, 0, 0, 0
-21, -7, 1.5, -300, 0, 0, 0, 0, 0
-21, -6.5, 1.5, -300, 0, 0, 0, 0, 0
-21, -6, 1.5, -300, 0, 0, 0, 0, 0
-21, -5.5, 1.5, -300, 0, 0, 0, 0, 0
-21, -5, 1.5, -300, 0, 0, 0, 0, 0
-21, -4.5, 1.5, -300, 0, 0, 0, 0, 0
-21, -4, 1.5, -300, 0, 0, 0, 0, 0
-21, -3.5, 1.5, -300, 0, 0, 0, 0, 0
-21, -3, 1.5, -300, 0, 0, 0, 0, 0
-21, -2.5, 1.5, -300, 0, 0, 0, 0, 0
-21, 2.5, 1.5, -300, 0, 0, 0, 0, 0
-21, 3, 1.5, -300, 0, 0, 0, 0, 0
-21, 3.5, 1.5, -300, 0, 0, 0, 0, 0
-21, 4, 1.5, -300, 0, 0, 0, 0, 0
-21, 4.5, 1.5, -300, 0, 0, 0, 0, 0
-21, 5, 1.5, -300, 0, 0, 0, 0, 0
-21, 5.5, 1.5, -300, 0, 0, 0, 0, 0
-21, 6, 1.5, -300, 0, 0, 0, 0, 0
-21, 6.5, 1.5, -300, 0, 0, 0, 0, 0
-21, 7, 1.5, -300, 0, 0, 0, 0, 0
-21, 7.5, 1.5, -300, 0, 0, 0, 0, 0
-21, 8, 1.5, -300, 0, 0, 0, 0, 0
-21, 8.5, 1.5, -300, 0, 0, 0, 0, 0
-21, 9, 1.5, -300, 0, 0, 0, 0, 0
-21, 9.5, 1.5, -300, 0, 0, 0, 0, 0
-21, 10, 1.5, -300, 0, 0, 0, 0, 0
-20.5, -7, 1.5, -300, 0, 0, 0, 0, 0
-20.5, -6.5, 1.5, -300, 0, 0, 0, 0, 0
-20.5, -6, 1.5, -300, 0, 0, 0, 0, 0
-20.5, -5.5, 1.5, -300, 0, 0, 0, 0, 0
-20.5, -5, 1.5, -300, 0, 0, 0, 0, 0
-20.5, -4.5, 1.5, -300, 0, 0, 0, 0, 0
-20.5, -4, 1.5, -300, 0, 0, 0, 0, 0
-20.5, -3.5, 1.5, -300, 0, 0, 0, 0, 0
-20.5, -3, 1.5, -300, 0, 0, 0, 0, 0
-20.5, 2.5, 1.5, -300, 0, 0, 0, 0, 0
-20.5, 3, 1.5, -300, 0, 0, 0, 0, 0
-20.5, 3.5, 1.5, -300, 0, 0, 0, 0, 0
-20.5, 4, 1.5, -300, 0, 0, 0, 0, 0
-20.5, 4.5, 1.5, -300, 0, 0, 0, 0, 0
-20.5, 5, 1.5, -300, 0, 0, 0, 0, 0
-20.5, 5.5, 1.5, -300, 0, 0, 0, 0, 0
-20.5, 6, 1.5, -300, 0, 0, 0, 0, 0
-20.5, 6.5, 1.5, -300, 0, 0, 0, 0, 0
-20.5, 7, 1.5, -300, 0, 0, 0, 0, 0
-20.5, 7.5, 1.5, -300, 0, 0, 0, 0, 0
-20.5, 8, 1.5, -300, 0, 0, 0, 0, 0
-20.5, 8.5, 1.5, -300, 0, 0, 0, 0, 0
-20.5, 9, 1.5, -300, 0, 0, 0, 0, 0
-20.5, 9.5, 1.5, -300, 0, 0, 0, 0, 0
-20.5, 10, 1.5, -300, 0, 0, 0, 0, 0
-20, -7, 1.5, -300, 0, 0, 0, 0, 0
-20, -6.5, 1.5, -300, 0, 0, 0, 0, 0
-20, -6, 1.5, -300, 0, 0, 0, 0, 0
-20, -5.5, 1.5, -300, 0, 0, 0, 0, 0
-20, -5, 1.5, -300, 0, 0, 0, 0, 0
-20, -4.5, 1.5, -300, 0, 0, 0, 0, 0
-20, -4, 1.5, -300, 0, 0, 0, 0, 0
-20, -3.5, 1.5, -300, 0, 0, 0, 0, 0
-20, 2.5, 1.5, -300, 0, 0, 0, 0, 0
-20, 3, 1.5, -300, 0, 0, 0, 0, 0
-20, 3.5, 1.5, -300, 0, 0, 0, 0, 0
-20, 4, 1.5, -300, 0, 0, 0, 0, 0
-20, 4.5, 1.5, -300, 0, 0, 0, 0, 0
-20, 5, 1.5, -300, 0, 0, 0, 0, 0
-20, 5.5, 1.5, -300, 0, 0, 0, 0, 0
-20, 6, 1.5, -300, 0, 0, 0, 0, 0
-20, 6.5, 1.5, -300, 0, 0, 0, 0, 0
-20, 7, 1.5, -300, 0, 0, 0, 0, 0
-20, 7.5, 1.5, -300, 0, 0, 0, 0, 0
-20, 8, 1.5, -300, 0, 0, 0, 0, 0
-20, 8.5, 1.5, -300, 0, 0, 0, 0, 0
-20, 9, 1.5, -300, 0, 0, 0, 0, 0
-20, 9.5, 1.5, -300, 0, 0, 0, 0, 0
-20, 10, 1.5, -300, 0, 0, 0, 0, 0
-19.5, -7, 1.5, -300, 0, 0, 0, 0, 0
-19.5, -6.5, 1.5, -300, 0, 0, 0, 0, 0
-19.5, -6, 1.5, -300, 0, 0, 0, 0, 0
-19.5, -5.5, 1.5, -300, 0, 0, 0, 0, 0
-19.5, -5, 1.5, -300, 0, 0, 0, 0, 0
-19.5, -4.5, 1.5, -300, 0, 0, 0, 0, 0
-19.5, -4, 1.5, -300, 0, 0, 0, 0, 0
-19.5, 2.5, 1.5, -300, 0, 0, 0, 0, 0
-19.5, 3, 1.5, -300, 0, 0, 0, 0, 0
-19.5, 3.5, 1.5, -300, 0, 0, 0, 0, 0
-19.5, 4, 1.5, -300, 0, 0, 0, 0, 0
-19.5, 4.5, 1.5, -300, 0, 0, 0, 0, 0
-19.5, 5, 1.5, -300, 0, 0, 0, 0, 0
-19.5, 5.5, 1.5, -300, 0, 0, 0, 0, 0
-19.5, 6, 1.5, -300, 0, 0, 0, 0, 0
-19.5, 6.5, 1.5, -300, 0, 0, 0, 0, 0
-19.5, 7, 1.5, -300, 0, 0, 0, 0, 0
-19.5, 7.5, 1.5, -300, 0, 0, 0, 0, 0
-19.5, 8, 1.5, -300, 0, 0, 0, 0, 0
-19.5, 8.5, 1.5, -300, 0, 0, 0, 0, 0
-19.5, 9, 1.5, -300, 0, 0, 0, 0, 0
-19.5, 9.5, 1.5, -300, 0, 0, 0, 0, 0
-19.5, 10, 1.5, -300, 0, 0, 0, 0, 0
-19, -7, 1.5, -300, 0, 0, 0, 0, 0
-19, -6.5, 1.5, -300, 0, 0, 0, 0, 0
-19, -6, 1.5, -300, 0, 0, 0, 0, 0
-19, -5.5, 1.5, -300, 0, 0, 0, 0, 0
-19, -5, 1.5, -300, 0, 0, 0, 0, 0
-19, -4.5, 1.5, -300, 0, 0, 0, 0, 0
-19, -4, 1.5, -300, 0, 0, 0, 0, 0
-19, 2.5, 1.5, -300, 0, 0, 0, 0, 0
-19, 3, 1.5, -300, 0, 0, 0, 0, 0
-19, 3.5, 1.5, -300, 0, 0, 0, 0, 0
-19, 4, 1.5, -300, 0, 0, 0, 0, 0
-19, 4.5, 1.5, -300, 0, 0, 0, 0, 0
-19, 5, 1.5, -300, 0, 0, 0, 0, 0
-19, 5.5, 1.5, -300, 0, 0, 0, 0, 0
-19, 6, 1.5, -300, 0, 0, 0, 0, 0
-19, 6.5, 1.5, -300, 0, 0, 0, 0, 0
-19, 7, 1.5, -300, 0, 0, 0, 0, 0
-19, 7.5, 1.5, -300, 0, 0, 0, 0, 0
-19, 8, 1.5, -300, 0, 0, 0, 0, 0
-19, 8.5, 1.5, -300, 0, 0, 0, 0, 0
-19, 9, 1.5, -300, 0, 0, 0, 0, 0
-19, 9.5, 1.5, -300, 0, 0, 0, 0, 0
-19, 10, 1.5, -300, 0, 0, 0, 0, 0
-18.5, -7, 1.5, -300, 0, 0, 0, 0, 0
-18.5, -6.5, 1.5, -300, 0, 0, 0, 0, 0
-18.5, -6, 1.5, -300, 0, 0, 0, 0, 0
-18.5, -5.5, 1.5, -300, 0, 0, 0, 0, 0
-18.5, -5, 1.5, -300, 0, 0, 0, 0, 0
-18.5, -4.5, 1.5, -300, 0, 0, 0, 0, 0
-18.5, -4, 1.5, -300, 0, 0, 0, 0, 0
-18.5, 2.5, 1.5, -300, 0, 0, 0, 0, 0
-18.5, 3, 1.5, -300, 0, 0, 0, 0, 0
-18.5, 3.5, 1.5, -300, 0, 0, 0, 0, 0
-18.5, 4, 1.5, -300, 0, 0, 0, 0, 0
-18.5, 4.5, 1.5, -300, 0, 0, 0, 0, 0
-18.5, 5, 1.5, -300, 0, 0, 0, 0, 0
-18.5, 5.5, 1.5, -300, 0, 0, 0, 0, 0
-18.5, 6, 1.5, -300, 0, 0, 0, 0, 0
-18.5, 6.5, 1.5, -300, 0, 0, 0, 0, 0
-18.5, 7, 1.5, -300, 0, 0, 0, 0, 0
-18.5, 7.5, 1.5, -300, 0, 0, 0, 0, 0
-18.5, 8, 1.5, -300, 0, 0, 0, 0, 0
-18.5, 8.5, 1.5, -300, 0, 0, 0, 0, 0
-18.5, 9, 1.5, -300, 0, 0, 0, 0, 0
-18.5, 9.5, 1.5, -300, 0, 0, 0, 0, 0
-18.5, 10, 1.5, -300, 0, 0, 0, 0, 0
-18, -7, 1.5, -300, 0, 0, 0, 0, 0
-18, -6.5, 1.5, -300, 0, 0, 0, 0, 0
-18, -6, 1.5, -300, 0, 0, 0, 0, 0
-18, -5.5, 1.5, -300, 0, 0, 0, 0, 0
-18, -5, 1.5, -300, 0, 0, 0, 0, 0
-18, -4.5, 1.5, -300, 0, 0, 0, 0, 0
-18, -4, 1.5, -300, 0, 0, 0, 0, 0
-18, 2.5, 1.5, -300, 0, 0, 0, 0, 0
-18, 3, 1.5, -300, 0, 0, 0, 0, 0
-18, 3.5, 1.5, -300, 0, 0, 0, 0, 0
-18, 4, 1.5, -300, 0, 0, 0, 0, 0
-18, 4.5, 1.5, -300, 0, 0, 0, 0, 0
-18, 5, 1.5, -300, 0, 0, 0, 0, 0
-18, 5.5, 1.5, -300, 0, 0, 0, 0, 0
-18, 6, 1.5, -300, 0, 0, 0, 0, 0
-18, 6.5, 1.5, -300, 0, 0, 0, 0, 0
-18, 7, 1.5, -300, 0, 0, 0, 0, 0
-18, 7.5, 1.5, -300, 0, 0, 0, 0, 0
-18, 8, 1.5, -300, 0, 0, 0, 0, 0
-18, 8.5, 1.5, -300, 0, 0, 0, 0, 0
-18, 9, 1.5, -300, 0, 0, 0, 0, 0
-18, 9.5, 1.5, -300, 0, 0, 0, 0, 0
-18, 10, 1.5, -300, 0, 0, 0, 0, 0
-17.5, -7, 1.5, -300, 0, 0, 0, 0, 0
-17.5, -6.5, 1.5, -300, 0, 0, 0, 0, 0
-17.5, -6, 1.5, -300, 0, 0, 0, 0, 0
-17.5, -5.5, 1.5, -300, 0, 0, 0, 0, 0
-17.5, -5, 1.5, -300, 0, 0, 0, 0, 0
-17.5, -4.5, 1.5, -300, 0, 0, 0, 0, 0
-17.5, 2.5, 1.5, -300, 0, 0, 0, 0, 0
-17.5, 3, 1.5, -300, 0, 0, 0, 0, 0
-17.5, 3.5, 1.5, -300, 0, 0, 0, 0, 0
-17.5, 4, 1.5, -300, 0, 0, 0, 0, 0
-17.5, 4.5, 1.5, -300, 0, 0, 0, 0, 0
-17.5, 5, 1.5, -300, 0, 0, 0, 0, 0
-17.5, 5.5, 1.5, -300, 0, 0, 0, 0, 0
-17.5, 6, 1.5, -300, 0, 0, 0, 0, 0
-17.5, 6.5, 1.5, -300, 0, 0, 0, 0, 0
-17.5, 7, 1.5, -300, 0, 0, 0, 0, 0
-17.5, 7.5, 1.5, -300, 0, 0, 0, 0, 0
-17.5, 8, 1.5, -300, 0, 0, 0, 0, 0
-17.5, 8.5, 1.5, -300, 0, 0, 0, 0, 0
-17.5, 9, 1.5, -300, 0, 0, 0, 0, 0
-17.5, 9.5, 1.5, -300, 0, 0, 0, 0, 0
-17.5, 10, 1.5, -300, 0, 0, 0, 0, 0
-17, -7, 1.5, -300, 0, 0, 0, 0, 0
-17, -6.5, 1.5, -300, 0, 0, 0, 0, 0
-17, -6, 1.5, -300, 0, 0, 0, 0, 0
-17, -5.5, 1.5, -300, 0, 0, 0, 0, 0
-17, -5, 1.5, -300, 0, 0, 0, 0, 0
-17, -4.5, 1.5, -300, 0, 0, 0, 0, 0
-17, 2.5, 1.5, -300, 0, 0, 0, 0, 0
-17, 3, 1.5, -300, 0, 0, 0, 0, 0
-17, 3.5, 1.5, -300, 0, 0, 0, 0, 0
-17, 4, 1.5, -300, 0, 0, 0, 0, 0
-17, 4.5, 1.5, -300, 0, 0, 0, 0, 0
-17, 5, 1.5, -300, 0, 0, 0, 0, 0
-17, 5.5, 1.5, -300, 0, 0, 0, 0, 0
-17, 6, 1.5, -300, 0, 0, 0, 0, 0
-17, 6.5, 1.5, -300, 0, 0, 0, 0, 0
-17, 7, 1.5, -300, 0, 0, 0, 0, 0
-17, 7.5, 1.5, -300, 0, 0, 0, 0, 0
-17, 8, 1.5, -300, 0, 0, 0, 0, 0
-17, 8.5, 1.5, -300, 0, 0, 0, 0, 0
-17, 9, 1.5, -300, 0, 0, 0, 0, 0
-17, 9.5, 1.5, -300, 0, 0, 0, 0, 0
-17, 10, 1.5, -300, 0, 0, 0, 0, 0
-16.5, -7, 1.5, -300, 0, 0, 0, 0, 0
-16.5, -6.5, 1.5, -300, 0, 0, 0, 0, 0
-16.5, -6, 1.5, -300, 0, 0, 0, 0, 0
-16.5, -5.5, 1.5, -300, 0, 0, 0, 0, 0
-16.5, -5, 1.5, -300, 0, 0, 0, 0, 0
-16.5, -4.5, 1.5, -300, 0, 0, 0, 0, 0
-16.5, -4, 1.5, -300, 0, 0, 0, 0, 0
-16.5, 2.5, 1.5, -300, 0, 0, 0, 0, 0
-16.5, 3, 1.5, -300, 0, 0, 0, 0, 0
-16.5, 3.5, 1.5, -300, 0, 0, 0, 0, 0
-16.5, 4, 1.5, -300, 0, 0, 0, 0, 0
-16.5, 4.5, 1.5, -300, 0, 0, 0, 0, 0
-16.5, 5, 1.5, -300, 0, 0, 0, 0, 0
-16.5, 5.5, 1.5, -300, 0, 0, 0, 0, 0
-16.5, 6, 1.5, -300, 0, 0, 0, 0, 0
-16.5, 6.5, 1.5, -300, 0, 0, 0, 0, 0
-16.5, 7, 1.5, -300, 0, 0, 0, 0, 0
-16.5, 7.5, 1.5, -300, 0, 0, 0, 0, 0
-16.5, 8, 1.5, -300, 0, 0, 0, 0, 0
-16.5, 8.5, 1.5, -300, 0, 0, 0, 0, 0
-16.5, 9, 1.5, -300, 0, 0, 0, 0, 0
-16.5, 9.5, 1.5, -300, 0, 0, 0, 0, 0
-16.5, 10, 1.5, -300, 0, 0, 0, 0, 0
-16, -7, 1.5, -300, 0, 0, 0, 0, 0
-16, -6.5, 1.5, -300, 0, 0, 0, 0, 0
-16, -6, 1.5, -300, 0, 0, 0, 0, 0
-16, -5.5, 1.5, -300, 0, 0, 0, 0, 0
-16, -5, 1.5, -300, 0, 0, 0, 0, 0
-16, -4.5, 1.5, -300, 0, 0, 0, 0, 0
-16, -4, 1.5, -300, 0, 0, 0, 0, 0
-16, 2.5, 1.5, -300, 0, 0, 0, 0, 0
-16, 3, 1.5, -300, 0, 0, 0, 0, 0
-16, 3.5, 1.5, -300, 0, 0, 0, 0, 0
-16, 4, 1.5, -300, 0, 0, 0, 0, 0
-16, 4.5, 1.5, -300, 0, 0, 0, 0, 0
-16, 5, 1.5, -300, 0, 0, 0, 0, 0
-16, 5.5, 1.5, -300, 0, 0, 0, 0, 0
-16, 6, 1.5, -300, 0, 0, 0, 0, 0
-16, 6.5, 1.5, -300, 0, 0, 0, 0, 0
-16, 7, 1.5, -300, 0, 0, 0, 0, 0
-16, 7.5, 1.5, -300, 0, 0, 0, 0, 0
-16, 8, 1.5, -300, 0, 0, 0, 0, 0
-16, 8.5, 1.5, -300, 0, 0, 0, 0, 0
-16, 9, 1.5, -300, 0, 0, 0, 0, 0
-16, 9.5, 1.5, -300, 0, 0, 0, 0, 0
-16, 10, 1.5, -300, 0, 0, 0, 0, 0
-15.5, -7, 1.5, -300, 0, 0, 0, 0, 0
-15.5, -6.5, 1.5, -300, 0, 0, 0, 0, 0
-15.5, -6, 1.5, -300, 0, 0, 0, 0, 0
-15.5, -5.5, 1.5, -300, 0, 0, 0, 0, 0
-15.5, -5, 1.5, -300, 0, 0, 0, 0, 0
-15.5, -4.5, 1.5, -300, 0, 0, 0, 0, 0
-15.5, -4, 1.5, -300, 0, 0, 0, 0, 0
-15.5, 2.5, 1.5, -300, 0, 0, 0, 0, 0
-15.5, 3, 1.5, -300, 0, 0, 0, 0, 0
-15.5, 3.5, 1.5, -300, 0, 0, 0, 0, 0
-15.5, 4, 1.5, -300, 0, 0, 0, 0, 0
-15.5, 4.5, 1.5, -300, 0, 0, 0, 0, 0
-15.5, 5, 1.5, -300, 0, 0, 0, 0, 0
-15.5, 5.5, 1.5, -300, 0, 0, 0, 0, 0
-15.5, 6, 1.5, -300, 0, 0, 0, 0, 0
-15.5, 6.5, 1.5, -300, 0, 0, 0, 0, 0
-15.5, 7, 1.5, -300, 0, 0, 0, 0, 0
-15.5, 7.5, 1.5, -300, 0, 0, 0, 0, 0
-15.5, 8, 1.5, -300, 0, 0, 0, 0, 0
-15.5, 8.5, 1.5, -300, 0, 0, 0, 0, 0
-15.5, 9, 1.5, -300, 0, 0, 0, 0, 0
-15.5, 9.5, 1.5, -300, 0, 0, 0, 0, 0
-15.5, 10, 1.5, -300, 0, 0, 0, 0, 0
-15, -7, 1.5, -300, 0, 0, 0, 0, 0
-15, -6.5, 1.5, -300, 0, 0, 0, 0, 0
-15, -6, 1.5, -300, 0, 0, 0, 0, 0
-15, -5.5, 1.5, -300, 0, 0, 0, 0, 0
-15, -5, 1.5, -300, 0, 0, 0, 0, 0
-15, -4.5, 1.5, -300, 0, 0, 0, 0, 0
-15, -4, 1.5, -300, 0, 0, 0, 0, 0
-15, -3.5, 1.5, -300, 0, 0, 0, 0, 0
-15, 2.5, 1.5, -300, 0, 0, 0, 0, 0
-15, 3, 1.5, -300, 0, 0, 0, 0, 0
-15, 3.5, 1.5, -300, 0, 0, 0, 0, 0
-15, 4, 1.5, -300, 0, 0, 0, 0, 0
-15, 4.5, 1.5, -300, 0, 0, 0, 0, 0
-15, 5, 1.5, -300, 0, 0, 0, 0, 0
-15, 5.5, 1.5, -300, 0, 0, 0, 0, 0
-15, 6, 1.5, -300, 0, 0, 0, 0, 0
-15, 6.5, 1.5, -300, 0, 0, 0, 0, 0
-15, 7, 1.5, -300, 0, 0, 0, 0, 0
-15, 7.5, 1.5, -300, 0, 0, 0, 0, 0
-15, 8, 1.5, -300, 0, 0, 0, 0, 0
-15, 8.5, 1.5, -300, 0, 0, 0, 0, 0
-15, 9, 1.5, -300, 0, 0, 0, 0, 0
-15, 9.5, 1.5, -300, 0, 0, 0, 0, 0
-15, 10, 1.5, -300, 0, 0, 0, 0, 0
-14.5, -7, 1.5, -300, 0, 0, 0, 0, 0
-14.5, -6.5, 1.5, -300, 0, 0, 0, 0, 0
-14.5, -6, 1.5, -300, 0, 0, 0, 0, 0
-14.5, -5.5, 1.5, -300, 0, 0, 0, 0, 0
-14.5, -5, 1.5, -300, 0, 0, 0, 0, 0
-14.5, -4.5, 1.5, -300, 0, 0, 0, 0, 0
-14.5, -4, 1.5, -300, 0, 0, 0, 0, 0
-14.5, -3.5, 1.5, -300, 0, 0, 0, 0, 0
-14.5, 2.5, 1.5, -300, 0, 0, 0, 0, 0
-14.5, 3, 1.5, -300, 0, 0, 0, 0, 0
-14.5, 3.5, 1.5, -300, 0, 0, 0, 0, 0
-14.5, 4, 1.5, -300, 0, 0, 0, 0, 0
-14.5, 4.5, 1.5, -300, 0, 0, 0, 0, 0
-14.5, 5, 1.5, -300, 0, 0, 0, 0, 0
-14.5, 5.5, 1.5, -300, 0, 0, 0, 0, 0
-14.5, 6, 1.5, -300, 0, 0, 0, 0, 0
-14.5, 6.5, 1.5, -300, 0, 0, 0, 0, 0
-14.5, 7, 1.5, -300, 0, 0, 0, 0, 0
-14.5, 7.5, 1.5, -300, 0, 0, 0, 0, 0
-14.5, 8, 1.5, -300, 0, 0, 0, 0, 0
-14.5, 8.5, 1.5, -300, 0, 0, 0, 0, 0
-14.5, 9, 1.5, -300, 0, 0, 0, 0, 0
-14.5, 9.5, 1.5, -300, 0, 0, 0, 0, 0
-14.5, 10, 1.5, -300, 0, 0, 0, 0, 0
-14, -7, 1.5, -300, 0, 0, 0, 0, 0
-14, -6.5, 1.5, -300, 0, 0, 0, 0, 0
-14, -6, 1.5, -300, 0, 0, 0, 0, 0
-14, -5.5, 1.5, -300, 0, 0, 0, 0, 0
-14, -5, 1.5, -300, 0, 0, 0, 0, 0
-14, -4.5, 1.5, -300, 0, 0, 0, 0, 0
-14, -4, 1.5, -300, 0, 0, 0, 0, 0
-14, -3.5, 1.5, -300, 0, 0, 0, 0, 0
-14, -3, 1.5, -300, 0, 0, 0, 0, 0
-14, 2.5, 1.5, -300, 0, 0, 0, 0, 0
-14, 3, 1.5, -300, 0, 0, 0, 0, 0
-14, 3.5, 1.5, -300, 0, 0, 0, 0, 0
-14, 4, 1.5, -300, 0, 0, 0, 0, 0
-14, 4.5, 1.5, -300, 0, 0, 0, 0, 0
-14, 5, 1.5, -300, 0, 0, 0, 0, 0
-14, 5.5, 1.5, -300, 0, 0, 0, 0, 0
-14, 6, 1.5, -300, 0, 0, 0, 0, 0
-14, 6.5, 1.5, -300, 0, 0, 0, 0, 0
-14, 7, 1.5, -300, 0, 0, 0, 0, 0
-14, 7.5, 1.5, -300, 0, 0, 0, 0, 0
-14, 8, 1.5, -300, 0, 0, 0, 0, 0
-14, 8.5, 1.5, -300, 0, 0, 0, 0, 0
-14, 9, 1.5, -300, 0, 0, 0, 0, 0
-14, 9.5, 1.5, -300, 0, 0, 0, 0, 0
-14, 10, 1.5, -300, 0, 0, 0, 0, 0
-13.5, -7, 1.5, -300, 0, 0, 0, 0, 0
-13.5, -6.5, 1.5, -300, 0, 0, 0, 0, 0
-13.5, -6, 1.5, -300, 0, 0, 0, 0, 0
-13.5, -5.5, 1.5, -300, 0, 0, 0, 0, 0
-13.5, -5, 1.5, -300, 0, 0, 0, 0, 0
-13.5, -4.5, 1.5, -300, 0, 0, 0, 0, 0
-13.5, -4, 1.5, -300, 0, 0, 0, 0, 0
-13.5, -3.5, 1.5, -300, 0, 0, 0, 0, 0
-13.5, -3, 1.5, -300, 0, 0, 0, 0, 0
-13.5, -2.5, 1.5, -300, 0, 0, 0, 0, 0
-13.5, 2.5, 1.5, -300, 0, 0, 0, 0, 0
-13.5, 3, 1.5, -300, 0, 0, 0, 0, 0
-13.5, 3.5, 1.5, -300, 0, 0, 0, 0, 0
-13.5, 4, 1.5, -300, 0, 0, 0, 0, 0
-13.5, 4.5, 1.5, -300, 0, 0, 0, 0, 0
-13.5, 5, 1.5, -300, 0, 0, 0, 0, 0
-13.5, 5.5, 1.5, -300, 0, 0, 0, 0, 0
-13.5, 6, 1.5, -300, 0, 0, 0, 0, 0
-13.5, 6.5, 1.5, -300, 0, 0, 0, 0, 0
-13.5, 7, 1.5, -300, 0, 0, 0, 0, 0
-13.5, 7.5, 1.5, -300, 0, 0, 0, 0, 0
-13.5, 8, 1.5, -300, 0, 0, 0, 0, 0
-13.5, 8.5, 1.5, -300, 0, 0, 0, 0, 0
-13.5, 9, 1.5, -300, 0, 0, 0, 0, 0
-13.5, 9.5, 1.5, -300, 0, 0, 0, 0, 0
-13.5, 10, 1.5, -300, 0, 0, 0, 0, 0
-13, -7, 1.5, -300, 0, 0, 0, 0, 0
-13, -6.5, 1.5, -300, 0, 0, 0, 0, 0
-13, -6, 1.5, -300, 0, 0, 0, 0, 0
-13, -5.5, 1.5, -300, 0, 0, 0, 0, 0
-13, -5, 1.5, -300, 0, 0, 0, 0, 0
-13, -4.5, 1.5, -300, 0, 0, 0, 0, 0
-13, -4, 1.5, -300, 0, 0, 0, 0, 0
-13, -3.5, 1.5, -300, 0, 0, 0, 0, 0
-13, -3, 1.5, -300, 0, 0, 0, 0, 0
-13, -2.5, 1.5, -300, 0, 0, 0, 0, 0
-13, -2, 1.5, -300, 0, 0, 0, 0, 0
-13, -1.5, 1.5, -300, 0, 0, 0, 0, 0
-13, 2.5, 1.5, -300, 0, 0, 0, 0, 0
-13, 3, 1.5, -300, 0, 0, 0, 0, 0
-13, 3.5, 1.5, -300, 0, 0, 0, 0, 0
-13, 4, 1.5, -300, 0, 0, 0, 0, 0
-13, 4.5, 1.5, -300, 0, 0, 0, 0, 0
-13, 5, 1.5, -300, 0, 0, 0, 0, 0
-13, 5.5, 1.5, -300, 0, 0, 0, 0, 0
-13, 6, 1.5, -300, 0, 0, 0, 0, 0
-13, 6.5, 1.5, -300, 0, 0, 0, 0, 0
-13, 7, 1.5, -300, 0, 0, 0, 0, 0
-13, 7.5, 1.5, -300, 0, 0, 0, 0, 0
-13, 8, 1.5, -300, 0, 0, 0, 0, 0
-13, 8.5, 1.5, -300, 0, 0, 0, 0, 0
-13, 9, 1.5, -300, 0, 0, 0, 0, 0
-13, 9.5, 1.5, -300, 0, 0, 0, 0, 0
-13, 10, 1.5, -300, 0, 0, 0, 0, 0
-12.5, -7, 1.5, -300, 0, 0, 0, 0, 0
-12.5, -6.5, 1.5, -300, 0, 0, 0, 0, 0
-12.5, -6, 1.5, -300, 0, 0, 0, 0, 0
-12.5, -5.5, 1.5, -300, 0, 0, 0, 0, 0
-12.5, -5, 1.5, -300, 0, 0, 0, 0, 0
-12.5, -4.5, 1.5, -300, 0, 0, 0, 0, 0
-12.5, -4, 1.5, -300, 0, 0, 0, 0, 0
-12.5, -3.5, 1.5, -300, 0, 0, 0, 0, 0
-12.5, -3, 1.5, -300, 0, 0, 0, 0, 0
-12.5, -2.5, 1.5, -300, 0, 0, 0, 0, 0
-12.5, -2, 1.5, -300, 0, 0, 0, 0, 0
-12.5, -1.5, 1.5, -300, 0, 0, 0, 0, 0
-12.5, -1, 1.5, -300, 0, 0, 0, 0, 0
-12.5, -0.5, 1.5, -300, 0, 0, 0, 0, 0
-12.5, 0, 1.5, -300, 0, 0, 0, 0, 0
-12.5, 0.5, 1.5, -300, 0, 0, 0, 0, 0
-12.5, 1, 1.5, -300, 0, 0, 0, 0, 0
-12.5, 1.5, 1.5, -300, 0, 0, 0, 0, 0
-12.5, 2, 1.5, -300, 0, 0, 0, 0, 0
-12.5, 2.5, 1.5, -300, 0, 0, 0, 0, 0
-12.5, 3, 1.5, -300, 0, 0, 0, 0, 0
-12.5, 3.5, 1.5, -300, 0, 0, 0, 0, 0
-12.5, 4, 1.5, -300, 0, 0, 0, 0, 0
-12.5, 4.5, 1.5, -300, 0, 0, 0, 0, 0
-12.5, 5, 1.5, -300, 0, 0, 0, 0, 0
-12.5, 5.5, 1.5, -300, 0, 0, 0, 0, 0
-12.5, 6, 1.5, -300, 0, 0, 0, 0, 0
-12.5, 6.5, 1.5, -300, 0, 0, 0, 0, 0
-12.5, 7, 1.5, -300, 0, 0, 0, 0, 0
-12.5, 7.5, 1.5, -300, 0, 0, 0, 0, 0
-12.5, 8, 1.5, -300, 0, 0, 0, 0, 0
-12.5, 8.5, 1.5, -300, 0, 0, 0, 0, 0
-12.5, 9, 1.5, -300, 0, 0, 0, 0, 0
-12.5, 9.5, 1.5, -300, 0, 0, 0, 0, 0
-12.5, 10, 1.5, -300, 0, 0, 0, 0, 0
-12, -7, 1.5, -300, 0, 0, 0, 0, 0
-12, -6.5, 1.5, -300, 0, 0, 0, 0, 0
-12, -6, 1.5, -300, 0, 0, 0, 0, 0
-12, -5.5, 1.5, -300, 0, 0, 0, 0, 0
-12, -5, 1.5, -300, 0, 0, 0, 0, 0
-12, -4.5, 1.5, -300, 0, 0, 0, 0, 0
-12, -4, 1.5, -300, 0, 0, 0, 0, 0
-12, -3.5, 1.5, -300, 0, 0, 0, 0, 0
-12, -3, 1.5, -300, 0, 0, 0, 0, 0
-12, -2.5, 1.5, -300, 0, 0, 0, 0, 0
-12, -2, 1.5, -300, 0, 0, 0, 0, 0
-12, -1.5, 1.5, -300, 0, 0, 0, 0, 0
-12, -1, 1.5, -300, 0, 0, 0, 0, 0
-12, -0.5, 1.5, -300, 0, 0, 0, 0, 0
-12, 0, 1.5, -300, 0, 0, 0, 0, 0
-12, 0.5, 1.5, -300, 0, 0, 0, 0, 0
-12, 1, 1.5, -300, 0, 0, 0, 0, 0
-12, 1.5, 1.5, -300, 0, 0, 0, 0, 0
-12, 2, 1.5, -300, 0, 0, 0, 0, 0
-12, 2.5, 1.5, -300, 0, 0, 0, 0, 0
-12, 3, 1.5, -300, 0, 0, 0, 0, 0
-12, 3.5, 1.5, -300, 0, 0, 0, 0, 0
-12, 4, 1.5, -300, 0, 0, 0, 0, 0
-12, 4.5, 1.5, -300, 0, 0, 0, 0, 0
-12, 5, 1.5, -300, 0, 0, 0, 0, 0
-12, 5.5, 1.5, -300, 0, 0, 0, 0, 0
-12, 6, 1.5, -300, 0, 0, 0, 0, 0
-12, 6.5, 1.5, -300, 0, 0, 0, 0, 0
-12, 7, 1.5, -300, 0, 0, 0, 0, 0
-12, 7.5, 1.5, -300, 0, 0, 0, 0, 0
-12, 8, 1.5, -300, 0, 0, 0, 0, 0
-12, 8.5, 1.5, -300, 0, 0, 0, 0, 0
-12, 9, 1.5, -300, 0, 0, 0, 0, 0
-12, 9.5, 1.5, -300, 0, 0, 0, 0, 0
-12, 10, 1.5, -300, 0, 0, 0, 0, 0
-12, 10.5, 1.5, -300, 0, 0, 0, 0, 0
-11.5, -7, 1.5, -300, 0, 0, 0, 0, 0
-11.5, -6.5, 1.5, -300, 0, 0, 0, 0, 0
-11.5, -6, 1.5, -300, 0, 0, 0, 0, 0
-11.5, -5.5, 1.5, -300, 0, 0, 0, 0, 0
-11.5, -5, 1.5, -300, 0, 0, 0, 0, 0
-11.5, -4.5, 1.5, -300, 0, 0, 0, 0, 0
-11.5, -4, 1.5, -300, 0, 0, 0, 0, 0
-11.5, -3.5, 1.5, -300, 0, 0, 0, 0, 0
-11.5, -3, 1.5, -300, 0, 0, 0, 0, 0
-11.5, -2.5, 1.5, -300, 0, 0, 0, 0, 0
-11.5, -2, 1.5, -300, 0, 0, 0, 0, 0
-11.5, -1.5, 1.5, -300, 0, 0, 0, 0, 0
-11.5, -1, 1.5, -300, 0, 0, 0, 0, 0
-11.5, -0.5, 1.5, -300, 0, 0, 0, 0, 0
-11.5, 0, 1.5, -300, 0, 0, 0, 0, 0
-11.5, 0.5, 1.5, -300, 0, 0, 0, 0, 0
-11.5, 1, 1.5, -300, 0, 0, 0, 0, 0
-11.5, 1.5, 1.5, -300, 0, 0, 0, 0, 0
-11.5, 2, 1.5, -300, 0, 0, 0, 0, 0
-11.5, 2.5, 1.5, -300, 0, 0, 0, 0, 0
-11.5, 3, 1.5, -300, 0, 0, 0, 0, 0
-11.5, 3.5, 1.5, -300, 0, 0, 0, 0, 0
-11.5, 4, 1.5, -300, 0, 0, 0, 0, 0
-11.5, 4.5, 1.5, -300, 0, 0, 0, 0, 0
-11.5, 5, 1.5, -300, 0, 0, 0, 0, 0
-11.5, 5.5, 1.5, -300, 0, 0, 0, 0, 0
-11.5, 6, 1.5, -300, 0, 0, 0, 0, 0
-11.5, 6.5, 1.5, -300, 0, 0, 0, 0, 0
-11.5, 7, 1.5, -300, 0, 0, 0, 0, 0
-11.5, 7.5, 1.5, -300, 0, 0, 0, 0, 0
-11.5, 8, 1.5, -300, 0, 0, 0, 0, 0
-11.5, 8.5, 1.5, -300, 0, 0, 0, 0, 0
-11.5, 9, 1.5, -300, 0, 0, 0, 0, 0
-11.5, 9.5, 1.5, -300, 0, 0, 0, 0, 0
-11.5, 10, 1.5, -300, 0, 0, 0, 0, 0
-11.5, 10.5, 1.5, -300, 0, 0, 0, 0, 0
-11, -7, 1.5, -300, 0, 0, 0, 0, 0
-11, -6.5, 1.5, -300, 0, 0, 0, 0, 0
-11, -6, 1.5, -300, 0, 0, 0, 0, 0
-11, -5.5, 1.5, -300, 0, 0, 0, 0, 0
-11, -5, 1.5, -300, 0, 0, 0, 0, 0
-11, -4.5, 1.5, -300, 0, 0, 0, 0, 0
-11, -4, 1.5, -300, 0, 0, 0, 0, 0
-11, -3.5, 1.5, -300, 0, 0, 0, 0, 0
-11, -3, 1.5, -300, 0, 0, 0, 0, 0
-11, -2.5, 1.5, -300, 0, 0, 0, 0, 0
-11, -2, 1.5, -300, 0, 0, 0, 0, 0
-11, -1.5, 1.5, -300, 0, 0, 0, 0, 0
-11, -1, 1.5, -300, 0, 0, 0, 0, 0
-11, -0.5, 1.5, -300, 0, 0, 0, 0, 0
-11, 0, 1.5, -300, 0, 0, 0, 0, 0
-11, 0.5, 1.5, -300, 0, 0, 0, 0, 0
-11, 1, 1.5, -300, 0, 0, 0, 0, 0
-11, 1.5, 1.5, -300, 0, 0, 0, 0, 0
-11, 2, 1.5, -300, 0, 0, 0, 0, 0
-11, 2.5, 1.5, -300, 0, 0, 0, 0, 0
-11, 3, 1.5, -300, 0, 0, 0, 0, 0
-11, 3.5, 1.5, -300, 0, 0, 0, 0, 0
-11, 4, 1.5, -300, 0, 0, 0, 0, 0
-11, 4.5, 1.5, -300, 0, 0, 0, 0, 0
-11, 5, 1.5, -300, 0, 0, 0, 0, 0
-11, 5.5, 1.5, -300, 0, 0, 0, 0, 0
-11, 6, 1.5, -300, 0, 0, 0, 0, 0
-11, 6.5, 1.5, -300, 0, 0, 0, 0, 0
-11, 7, 1.5, -300, 0, 0, 0, 0, 0
-11, 7.5, 1.5, -300, 0, 0, 0, 0, 0
-11, 8, 1.5, -300, 0, 0, 0, 0, 0
-11, 8.5, 1.5, -300, 0, 0, 0, 0, 0
-11, 9, 1.5, -300, 0, 0, 0, 0, 0
-11, 9.5, 1.5, -300, 0, 0, 0, 0, 0
-11, 10, 1.5, -300, 0, 0, 0, 0, 0
-11, 10.5, 1.5, -300, 0, 0, 0, 0, 0
-10.5, -7.5, 1.5, -300, 0, 0, 0, 0, 0
-10.5, -7, 1.5, -300, 0, 0, 0, 0, 0
-10.5, -6.5, 1.5, -300, 0, 0, 0, 0, 0
-10.5, -6, 1.5, -300, 0, 0, 0, 0, 0
-10.5, -5.5, 1.5, -300, 0, 0, 0, 0, 0
-10.5, -5, 1.5, -300, 0, 0, 0, 0, 0
-10.5, -4.5, 1.5, -300, 0, 0, 0, 0, 0
-10.5, -4, 1.5, -300, 0, 0, 0, 0, 0
-10.5, -3.5, 1.5, -300, 0, 0, 0, 0, 0
-10.5, -3, 1.5, -300, 0, 0, 0, 0, 0
-10.5, -2.5, 1.5, -300, 0, 0, 0, 0, 0
-10.5, -2, 1.5, -300, 0, 0, 0, 0, 0
-10.5, -1.5, 1.5, -300, 0, 0, 0, 0, 0
-10.5, -1, 1.5, -300, 0, 0, 0, 0, 0
-10.5, -0.5, 1.5, -300, 0, 0, 0, 0, 0
-10.5, 0, 1.5, -300, 0, 0, 0, 0, 0
-10.5, 0.5, 1.5, -300, 0, 0, 0, 0, 0
-10.5, 1, 1.5, -300, 0, 0, 0, 0, 0
-10.5, 1.5, 1.5, -300, 0, 0, 0, 0, 0
-10.5, 2, 1.5, -300, 0, 0, 0, 0, 0
-10.5, 2.5, 1.5, -300, 0, 0, 0, 0, 0
-10.5, 3, 1.5, -300, 0, 0, 0, 0, 0
-10.5, 3.5, 1.5, -300, 0, 0, 0, 0, 0
-10.5, 4, 1.5, -300, 0, 0, 0, 0, 0
-10.5, 4.5, 1.5, -300, 0, 0, 0, 0, 0
-10.5, 5, 1.5, -300, 0, 0, 0, 0, 0
-10.5, 5.5, 1.5, -300, 0, 0, 0, 0, 0
-10.5, 6, 1.5, -300, 0, 0, 0, 0, 0
-10.5, 6.5, 1.5, -300, 0, 0, 0, 0, 0
-10.5, 7, 1.5, -300, 0, 0, 0, 0, 0
-10.5, 7.5, 1.5, -300, 0, 0, 0, 0, 0
-10.5, 8, 1.5, -300, 0, 0, 0, 0, 0
-10.5, 8.5, 1.5, -300, 0, 0, 0, 0, 0
-10.5, 9, 1.5, -300, 0, 0, 0, 0, 0
-10.5, 9.5, 1.5, -300, 0, 0, 0, 0, 0
-10.5, 10, 1.5, -300, 0, 0, 0, 0, 0
-10.5, 10.5, 1.5, -300, 0, 0, 0, 0, 0
-10, -7.5, 1.5, -300, 0, 0, 0, 0, 0
-10, -7, 1.5, -300, 0, 0, 0, 0, 0
-10, -6.5, 1.5, -300, 0, 0, 0, 0, 0
-10, -6, 1.5, -300, 0, 0, 0, 0, 0
-10, -5.5, 1.5, -300, 0, 0, 0, 0, 0
-10, -5, 1.5, -300, 0, 0, 0, 0, 0
-10, -4.5, 1.5, -300, 0, 0, 0, 0, 0
-10, -4, 1.5, -300, 0, 0, 0, 0, 0
-10, -3.5, 1.5, -300, 0, 0, 0, 0, 0
-10, -3, 1.5, -300, 0, 0, 0, 0, 0
-10, -2.5, 1.5, -300, 0, 0, 0, 0, 0
-10, -2, 1.5, -300, 0, 0, 0, 0, 0
-10, -1.5, 1.5, -300, 0, 0, 0, 0, 0
-10, -1, 1.5, -300, 0, 0, 0, 0, 0
-10, -0.5, 1.5, -300, 0, 0, 0, 0, 0
-10, 0, 1.5, -300, 0, 0, 0, 0, 0
-10, 0.5, 1.5, -300, 0, 0, 0, 0, 0
-10, 1, 1.5, -300, 0, 0, 0, 0, 0
-10, 1.5, 1.5, -300, 0, 0, 0, 0, 0
-10, 2, 1.5, -300, 0, 0, 0, 0, 0
-10, 2.5, 1.5, -300, 0, 0, 0, 0, 0
-10, 3, 1.5, -300, 0, 0, 0, 0, 0
-10, 3.5, 1.5, -300, 0, 0, 0, 0, 0
-10, 4, 1.5, -300, 0, 0, 0, 0, 0
-10, 4.5, 1.5, -300, 0, 0, 0, 0, 0
-10, 5, 1.5, -300, 0, 0, 0, 0, 0
-10, 5.5, 1.5, -300, 0, 0, 0, 0, 0
-10, 6, 1.5, -300, 0, 0, 0, 0, 0
-10, 6.5, 1.5, -300, 0, 0, 0, 0, 0
-10, 7, 1.5, -300, 0, 0, 0, 0, 0
-10, 7.5, 1.5, -300, 0, 0, 0, 0, 0
-10, 8, 1.5, -300, 0, 0, 0, 0, 0
-10, 8.5, 1.5, -300, 0, 0, 0, 0, 0
-10, 9, 1.5, -300, 0, 0, 0, 0, 0
-10, 9.5, 1.5, -300, 0, 0, 0, 0, 0
-10, 10, 1.5, -300, 0, 0, 0, 0, 0
-10, 10.5, 1.5, -300, 0, 0, 0, 0, 0
-9.5, -7.5, 1.5, -300, 0, 0, 0, 0, 0
-9.5, -7, 1.5, -300, 0, 0, 0, 0, 0
-9.5, -6.5, 1.5, -300, 0, 0, 0, 0, 0
-9.5, -6, 1.5, -300, 0, 0, 0, 0, 0
-9.5, -5.5, 1.5, -300, 0, 0, 0, 0, 0
-9.5, -5, 1.5, -300, 0, 0, 0, 0, 0
-9.5, -4.5, 1.5, -300, 0, 0, 0, 0, 0
-9.5, -4, 1.5, -300, 0, 0, 0, 0, 0
-9.5, -3.5, 1.5, -300, 0, 0, 0, 0, 0
-9.5, -3, 1.5, -300, 0, 0, 0, 0, 0
-9.5, -2.5, 1.5, -300, 0, 0, 0, 0, 0
-9.5, -2, 1.5, -300, 0, 0, 0, 0, 0
-9.5, -1.5, 1.5, -300, 0, 0, 0, 0, 0
-9.5, -1, 1.5, -300, 0, 0, 0, 0, 0
-9.5, -0.5, 1.5, -300, 0, 0, 0, 0, 0
-9.5, 0, 1.5, -300, 0, 0, 0, 0, 0
-9.5, 0.5, 1.5, -300, 0, 0, 0, 0, 0
-9.5, 1, 1.5, -300, 0, 0, 0, 0, 0
-9.5, 1.5, 1.5, -300, 0, 0, 0, 0, 0
-9.5, 2, 1.5, -300, 0, 0, 0, 0, 0
-9.5, 2.5, 1.5, -300, 0, 0, 0, 0, 0
-9.5, 3, 1.5, -300, 0, 0, 0, 0, 0
-9.5, 3.5, 1.5, -300, 0, 0, 0, 0, 0
-9.5, 4, 1.5, -300, 0, 0, 0, 0, 0
-9.5, 4.5, 1.5, -300, 0, 0, 0, 0, 0
-9.5, 5, 1.5, -300, 0, 0, 0, 0, 0
-9.5, 5.5, 1.5, -300, 0, 0, 0, 0, 0
-9.5, 6, 1.5, -300, 0, 0, 0, 0, 0
-9.5, 6.5, 1.5, -300, 0, 0, 0, 0, 0
-9.5, 7, 1.5, -300, 0, 0, 0, 0, 0
-9.5, 7.5, 1.5, -300, 0, 0, 0, 0, 0
-9.5, 8, 1.5, -300, 0, 0, 0, 0, 0
-9.5, 8.5, 1.5, -300, 0, 0, 0, 0, 0
-9.5, 9, 1.5, -300, 0, 0, 0, 0, 0
-9.5, 9.5, 1.5, -300, 0, 0, 0, 0, 0
-9.5, 10, 1.5, -300, 0, 0, 0, 0, 0
-9.5, 10.5, 1.5, -300, 0, 0, 0, 0, 0
-9, -7.5, 1.5, -300, 0, 0, 0, 0, 0
-9, -7, 1.5, -300, 0, 0, 0, 0, 0
-9, -6.5, 1.5, -300, 0, 0, 0, 0, 0
-9, -6, 1.5, -300, 0, 0, 0, 0, 0
-9, -5.5, 1.5, -300, 0, 0, 0, 0, 0
-9, -5, 1.5, -300, 0, 0, 0, 0, 0
-9, -4.5, 1.5, -300, 0, 0, 0, 0, 0
-9, -4, 1.5, -300, 0, 0, 0, 0, 0
-9, -3.5, 1.5, -300, 0, 0, 0, 0, 0
-9, -3, 1.5, -300, 0, 0, 0, 0, 0
-9, -2.5, 1.5, -300, 0, 0, 0, 0, 0
-9, -2, 1.5, -300, 0, 0, 0, 0, 0
-9, -1.5, 1.5, -300, 0, 0, 0, 0, 0
-9, -1, 1.5, -300, 0, 0, 0, 0, 0
-9, -0.5, 1.5, -300, 0, 0, 0, 0, 0
-9, 0, 1.5, -300, 0, 0, 0, 0, 0
-9, 0.5, 1.5, -300, 0, 0, 0, 0, 0
-9, 1, 1.5, -300, 0, 0, 0, 0, 0
-9, 1.5, 1.5, -300, 0, 0, 0, 0, 0
-9, 2, 1.5, -300, 0, 0, 0, 0, 0
-9, 2.5, 1.5, -300, 0, 0, 0, 0, 0
-9, 3, 1.5, -300, 0, 0, 0, 0, 0
-9, 6, 1.5, -300, 0, 0, 0, 0, 0
-9, 6.5, 1.5, -300, 0, 0, 0, 0, 0
-9, 7, 1.5, -300, 0, 0, 0, 0, 0
-9, 10.5, 1.5, -300, 0, 0, 0, 0, 0
-12, 11, 1.5, -300, 0, 0, 0, 0, 0
-12, 11.5, 1.5, -300, 0, 0, 0, 0, 0
-12, 12, 1.5, -300, 0, 0, 0, 0, 0
-12, 12.5, 1.5, -300, 0, 0, 0, 0, 0
-12, 13, 1.5, -300, 0, 0, 0, 0, 0
-11.5, 11, 1.5, -300, 0, 0, 0, 0, 0
-11.5, 11.5, 1.5, -300, 0, 0, 0, 0, 0
-11.5, 12, 1.5, -300, 0, 0, 0, 0, 0
-11.5, 12.5, 1.5, -300, 0, 0, 0, 0, 0
-11.5, 13, 1.5, -300, 0, 0, 0, 0, 0
-11, 11, 1.5, -300, 0, 0, 0, 0, 0
-11, 11.5, 1.5, -300, 0, 0, 0, 0, 0
-11, 12, 1.5, -300, 0, 0, 0, 0, 0
-11, 12.5, 1.5, -300, 0, 0, 0, 0, 0
-11, 13, 1.5, -300, 0, 0, 0, 0, 0
-10.5, 11, 1.5, -300, 0, 0, 0, 0, 0
-10.5, 11.5, 1.5, -300, 0, 0, 0, 0, 0
-10.5, 12, 1.5, -300, 0, 0, 0, 0, 0
-10.5, 12.5, 1.5, -300, 0, 0, 0, 0, 0
-10.5, 13, 1.5, -300, 0, 0, 0, 0, 0
-10, 11, 1.5, -300, 0, 0, 0, 0, 0
-10, 11.5, 1.5, -300, 0, 0, 0, 0, 0
-10, 12, 1.5, -300, 0, 0, 0, 0, 0
-10, 12.5, 1.5, -300, 0, 0, 0, 0, 0
-10, 13, 1.5, -300, 0, 0, 0, 0, 0
-9.5, 11, 1.5, -300, 0, 0, 0, 0, 0
-9.5, 11.5, 1.5, -300, 0, 0, 0, 0, 0
-9.5, 12, 1.5, -300, 0, 0, 0, 0, 0
-9.5, 12.5, 1.5, -300, 0, 0, 0, 0, 0
-9.5, 13, 1.5, -300, 0, 0, 0, 0, 0
-9, 11, 1.5, -300, 0, 0, 0, 0, 0
-9, 11.5, 1.5, -300, 0, 0, 0, 0, 0
-9, 12, 1.5, -300, 0, 0, 0, 0, 0
-9, 12.5, 1.5, -300, 0, 0, 0, 0, 0
-9, 13, 1.5, -300, 0, 0, 0, 0, 0
-43.5, 16.5, 1.5, -39.595, -35.352, 1, 1, 1, 1
-43.5, 17, 1.5, -39.59, 41.098, 1, 1, 1, 1
-43.5, 17.5, 1.5, -39.589, 53.524, 1, 1, 1, 1
-43.5, 18, 1.5, -39.592, 1.9076, 1, 1, 1, 1
-43.5, 18.5, 1.5, -39.599, -113.68, 1, 1, 1, 1
-43.5, 19, 1.5, -300, 0, 0, 0, 0, 0
-43, 16.5, 1.5, -39.409, 79.248, 1, 1, 1, 1
-43, 17, 1.5, -39.404, 157.36, 1, 1, 1, 1
-43, 17.5, 1.5, -39.404, 170.06, 1, 1, 1, 1
-43, 18, 1.5, -39.407, 117.32, 1, 1, 1, 1
-43, 18.5, 1.5, -39.414, -0.78066, 1, 1, 1, 1
-43, 19, 1.5, -300, 0, 0, 0, 0, 0
-42.5, 16.5, 1.5, -39.22, -166.48, 1, 1, 1, 1
-42.5, 17, 1.5, -39.215, -86.636, 1, 1, 1, 1
-42.5, 17.5, 1.5, -39.214, -73.658, 1, 1, 1, 1
-42.5, 18, 1.5, -39.217, -127.57, 1, 1, 1, 1
-42.5, 18.5, 1.5, -39.225, 111.71, 1, 1, 1, 1
-42.5, 19, 1.5, -300, 0, 0, 0, 0, 0
-42, 16.5, 1.5, -39.026, -52.572, 1, 1, 1, 1
-42, 17, 1.5, -39.021, 29.091, 1, 1, 1, 1
-42, 17.5, 1.5, -39.02, 42.365, 1, 1, 1, 1
-42, 18, 1.5, -39.024, -12.773, 1, 1, 1, 1
-42, 18.5, 1.5, -39.032, -136.23, 1, 1, 1, 1
-42, 19, 1.5, -300, 0, 0, 0, 0, 0
-41.5, 16.5, 1.5, -38.829, 60.96, 1, 1, 1, 1
-41.5, 17, 1.5, -38.823, 144.52, 1, 1, 1, 1
-41.5, 17.5, 1.5, -38.822, 158.1, 1, 1, 1, 1
-41.5, 18, 1.5, -38.826, 101.68, 1, 1, 1, 1
-41.5, 18.5, 1.5, -38.834, -24.645, 1, 1, 1, 1
-41.5, 19, 1.5, -300, 0, 0, 0, 0, 0
-41, 16.5, 1.5, -38.626, 174.09, 1, 1, 1, 1
-41, 17, 1.5, -38.62, -100.36, 1, 1, 1, 1
-41, 17.5, 1.5, -38.619, -86.458, 1, 1, 1, 1
-41, 18, 1.5, -38.623, -144.22, 1, 1, 1, 1
-41, 18.5, 1.5, -38.632, 86.445, 1, 1, 1, 1
-41, 19, 1.5, -300, 0, 0, 0, 0, 0
-40.5, 16.5, 1.5, -38.419, -73.226, 1, 1, 1, 1
-40.5, 17, 1.5, -38.413, 14.411, 1, 1, 1, 1
-40.5, 17.5, 1.5, -38.412, 28.656, 1, 1, 1, 1
-40.5, 18, 1.5, -38.416, -30.517, 1, 1, 1, 1
-40.5, 18.5, 1.5, -38.425, -163, 1, 1, 1, 1
-40.5, 19, 1.5, -300, 0, 0, 0, 0, 0
-40, 16.5, 1.5, -38.207, 38.992, 1, 1, 1, 1
-40, 17, 1.5, -38.2, 128.82, 1, 1, 1, 1
-40, 17.5, 1.5, -38.199, 143.42, 1, 1, 1, 1
-40, 18, 1.5, -38.203, 82.769, 1, 1, 1, 1
-40, 18.5, 1.5, -38.213, -53.022, 1, 1, 1, 1
-40, 19, 1.5, -300, 0, 0, 0, 0, 0
-39.5, 15.5, 1.5, -300, 0, 0, 0, 0, 0
-39.5, 16, 1.5, -38.001, -18.394, 1, 1, 1, 1
-39.5, 16.5, 1.5, -37.989, 150.71, 1, 1, 1, 1
-39.5, 17, 1.5, -37.982, -117.17, 1, 1, 1, 1
-39.5, 17.5, 1.5, -37.981, -102.19, 1, 1, 1, 1
-39.5, 18, 1.5, -37.986, -164.4, 1, 1, 1, 1
-39.5, 18.5, 1.5, -37.996, 56.337, 1, 1, 1, 1
-39.5, 19, 1.5, -300, 0, 0, 0, 0, 0
-39, 15.5, 1.5, -300, 0, 0, 0, 0, 0
-39, 16, 1.5, -37.779, 88.338, 1, 1, 1, 1
-39, 16.5, 1.5, -37.766, -98.128, 1, 1, 1, 1
-39, 17, 1.5, -37.759, -3.5772, 1, 1, 1, 1
-39, 17.5, 1.5, -37.758, 11.793, 1, 1, 1, 1
-39, 18, 1.5, -37.762, -52.05, 1, 1, 1, 1
-39, 18.5, 1.5, -37.773, 165.03, 1, 1, 1, 1
-39, 19, 1.5, -300, 0, 0, 0, 0, 0
-38.5, 15.5, 1.5, -300, 0, 0, 0, 0, 0
-38.5, 16, 1.5, -300, 0, 0, 0, 0, 0
-38.5, 16.5, 1.5, -37.537, 12.45, 1, 1, 1, 1
-38.5, 17, 1.5, -37.529, 109.55, 1, 1, 1, 1
-38.5, 17.5, 1.5, -37.528, 125.34, 1, 1, 1, 1
-38.5, 18, 1.5, -37.533, 59.771, 1, 1, 1, 1
-38.5, 18.5, 1.5, -300, 0, 0, 0, 0, 0
-38.5, 19, 1.5, -37.562, 45.332, 1, 1, 1, 1
-38, 15.5, 1.5, -300, 0, 0, 0, 0, 0
-38, 16, 1.5, -300, 0, 0, 0, 0, 0
-38, 16.5, 1.5, -37.302, 122.39, 1, 1, 1, 1
-38, 17, 1.5, -37.294, -137.81, 1, 1, 1, 1
-38, 17.5, 1.5, -37.293, -121.59, 1, 1, 1, 1
-38, 18, 1.5, -37.298, 171.02, 1, 1, 1, 1
-38, 18.5, 1.5, -300, 0, 0, 0, 0, 0
-38, 19, 1.5, -37.329, 146.23, 1, 1, 1, 1
-37.5, 15.5, 1.5, -300, 0, 0, 0, 0, 0
-37.5, 16, 1.5, -300, 0, 0, 0, 0, 0
-37.5, 16.5, 1.5, -37.06, -128.37, 1, 1, 1, 1
-37.5, 17, 1.5, -37.052, -25.722, 1, 1, 1, 1
-37.5, 17.5, 1.5, -37.05, -9.0355, 1, 1, 1, 1
-37.5, 18, 1.5, -37.056, -78.346, 1, 1, 1, 1
-37.5, 18.5, 1.5, -300, 0, 0, 0, 0, 0
-37.5, 19, 1.5, -37.088, -114.07, 1, 1, 1, 1
-37, 15.5, 1.5, -300, 0, 0, 0, 0, 0
-37, 16, 1.5, -300, 0, 0, 0, 0, 0
-37, 16.5, 1.5, -36.812, -19.876, 1, 1, 1, 1
-37, 17, 1.5, -36.803, 85.782, 1, 1, 1, 1
-37, 17.5, 1.5, -36.801, 102.96, 1, 1, 1, 1
-37, 18, 1.5, -36.807, 31.612, 1, 1, 1, 1
-37, 18.5, 1.5, -300, 0, 0, 0, 0, 0
-37, 19, 1.5, -36.842, -15.685, 1, 1, 1, 1
-36.5, 15.5, 1.5, -300, 0, 0, 0, 0, 0
-36.5, 16, 1.5, -300, 0, 0, 0, 0, 0
-36.5, 16.5, 1.5, -36.556, 87.792, 1, 1, 1, 1
-36.5, 17, 1.5, -36.547, -163.36, 1, 1, 1, 1
-36.5, 17.5, 1.5, -36.545, -145.66, 1, 1, 1, 1
-36.5, 18, 1.5, -36.551, 140.84, 1, 1, 1, 1
-36.5, 18.5, 1.5, -300, 0, 0, 0, 0, 0
-36.5, 19, 1.5, -36.588, 81.275, 1, 1, 1, 1
-36, 15.5, 1.5, -300, 0, 0, 0, 0, 0
-36, 16, 1.5, -300, 0, 0, 0, 0, 0
-36, 16.5, 1.5, -36.294, -165.44, 1, 1, 1, 1
-36, 17, 1.5, -36.284, -53.194, 1, 1, 1, 1
-36, 17.5, 1.5, -36.282, -34.944, 1, 1, 1, 1
-36, 18, 1.5, -36.289, -110.74, 1, 1, 1, 1
-36, 18.5, 1.5, -300, 0, 0, 0, 0, 0
-36, 19, 1.5, -36.327, 176.68, 1, 1, 1, 1
-35.5, 15.5, 1.5, -300, 0, 0, 0, 0, 0
-35.5, 16, 1.5, -300, 0, 0, 0, 0, 0
-35.5, 16.5, 1.5, -36.028, -59.658, 1, 1, 1, 1
-35.5, 17, 1.5, -36.018, 56.198, 1, 1, 1, 1
-35.5, 17.5, 1.5, -36.016, 75.036, 1, 1, 1, 1
-35.5, 18, 1.5, -36.023, -3.2033, 1, 1, 1, 1
-35.5, 19, 1.5, -36.064, -89.633, 1, 1, 1, 1
-35, 15.5, 1.5, -300, 0, 0, 0, 0, 0
-35, 16, 1.5, -300, 0, 0, 0, 0, 0
-35, 16.5, 1.5, -35.755, 45.039, 1, 1, 1, 1
-35, 17, 1.5, -35.744, 164.74, 1, 1, 1, 1
-35, 17.5, 1.5, -35.742, -175.79, 1, 1, 1, 1
-35, 18, 1.5, -35.749, 103.37, 1, 1, 1, 1
-35, 19, 1.5, -35.792, 2.1813, 1, 1, 1, 1
-34.5, 15.5, 1.5, -300, 0, 0, 0, 0, 0
-34.5, 16, 1.5, -300, 0, 0, 0, 0, 0
-34.5, 16.5, 1.5, -35.473, 148.54, 1, 1, 1, 1
-34.5, 17, 1.5, -35.461, -87.643, 1, 1, 1, 1
-34.5, 17.5, 1.5, -35.459, -67.508, 1, 1, 1, 1
-34.5, 18, 1.5, -35.467, -151.13, 1, 1, 1, 1
-34.5, 18.5, 1.5, -35.485, 21.795, 1, 1, 1, 1
-34.5, 19, 1.5, -35.513, 91.927, 1, 1, 1, 1
-34, 15.5, 1.5, -300, 0, 0, 0, 0, 0
-34, 16, 1.5, -300, 0, 0, 0, 0, 0
-34, 16.5, 1.5, -35.181, -109.28, 1, 1, 1, 1
-34, 17, 1.5, -35.168, 18.937, 1, 1, 1, 1
-34, 17.5, 1.5, -35.166, 39.789, 1, 1, 1, 1
-34, 18, 1.5, -35.175, -46.808, 1, 1, 1, 1
-34, 18.5, 1.5, -35.194, 119.48, 1, 1, 1, 1
-34, 19, 1.5, -35.224, 179.39, 1, 1, 1, 1
-33.5, 16.5, 1.5, -34.879, -8.5762, 1, 1, 1, 1
-33.5, 17, 1.5, -34.866, 124.37, 1, 1, 1, 1
-33.5, 17.5, 1.5, -34.863, 145.99, 1, 1, 1, 1
-33.5, 18, 1.5, -34.873, 56.199, 1, 1, 1, 1
-33.5, 18.5, 1.5, -34.893, -144.64, 1, 1, 1, 1
-33.5, 19, 1.5, -34.925, -95.693, 1, 1, 1, 1
-33, 16.5, 1.5, -34.567, 90.492, 1, 1, 1, 1
-33, 17, 1.5, -34.552, -131.48, 1, 1, 1, 1
-33, 17.5, 1.5, -34.55, -109.03, 1, 1, 1, 1
-33, 18, 1.5, -34.56, 157.74, 1, 1, 1, 1
-33, 18.5, 1.5, -34.582, -50.753, 1, 1, 1, 1
-33, 19, 1.5, -34.617, -13.596, 1, 1, 1, 1
-32.5, 16.5, 1.5, -34.244, -172.27, 1, 1, 1, 1
-32.5, 17, 1.5, -34.228, -28.758, 1, 1, 1, 1
-32.5, 17.5, 1.5, -34.225, -5.4133, 1, 1, 1, 1
-32.5, 18, 1.5, -34.236, -102.35, 1, 1, 1, 1
-32.5, 18.5, 1.5, -34.26, 40.889, 1, 1, 1, 1
-32.5, 19, 1.5, -34.297, 65.344, 1, 1, 1, 1
-32, 16.5, 1.5, -33.908, -77.1, 1, 1, 1, 1
-32, 17, 1.5, -33.891, 72.352, 1, 1, 1, 1
-32, 17.5, 1.5, -33.888, 96.664, 1, 1, 1, 1
-32, 18, 1.5, -33.899, -4.29, 1, 1, 1, 1
-32, 18.5, 1.5, -33.925, 130.01, 1, 1, 1, 1
-32, 19, 1.5, -33.965, 140.74, 1, 1, 1, 1
-31.5, 16.5, 1.5, -33.559, 15.747, 1, 1, 1, 1
-31.5, 17, 1.5, -33.54, 171.64, 1, 1, 1, 1
-31.5, 17.5, 1.5, -33.537, -162.99, 1, 1, 1, 1
-31.5, 18, 1.5, -33.55, 91.692, 1, 1, 1, 1
-31.5, 18.5, 1.5, -33.578, -143.7, 1, 1, 1, 1
-31.5, 19, 1.5, -33.621, -147.86, 1, 1, 1, 1
-31, 16.5, 1.5, -33.196, 105.95, 1, 1, 1, 1
-31, 17, 1.5, -33.175, -91.133, 1, 1, 1, 1
-31, 17.5, 1.5, -33.172, -64.625, 1, 1, 1, 1
-31, 18, 1.5, -33.186, -174.69, 1, 1, 1, 1
-31, 18.5, 1.5, -33.216, -60.639, 1, 1, 1, 1
-31, 19, 1.5, -300, 0, 0, 0, 0, 0
-30.5, 16.5, 1.5, -32.817, -166.85, 1, 1, 1, 1
-30.5, 17, 1.5, -32.795, 3.7322, 1, 1, 1, 1
-30.5, 17.5, 1.5, -32.791, 31.493, 1, 1, 1, 1
-30.5, 18, 1.5, -32.806, -83.762, 1, 1, 1, 1
-30.5, 18.5, 1.5, -32.84, 18.749, 1, 1, 1, 1
-30.5, 19, 1.5, -300, 0, 0, 0, 0, 0
-30, 16.5, 1.5, -32.422, -83.121, 1, 1, 1, 1
-30, 17, 1.5, -32.397, 95.888, 1, 1, 1, 1
-30, 17.5, 1.5, -32.393, 125.02, 1, 1, 1, 1
-30, 18, 1.5, -32.41, 4.0679, 1, 1, 1, 1
-30, 18.5, 1.5, -32.447, 93.923, 1, 1, 1, 1
-30, 19, 1.5, -300, 0, 0, 0, 0, 0
-29.5, 16.5, 1.5, -32.008, -3.384, 1, 1, 1, 1
-29.5, 17, 1.5, -31.981, -175.09, 1, 1, 1, 1
-29.5, 17.5, 1.5, -31.977, -144.44, 1, 1, 1, 1
-29.5, 18, 1.5, -31.995, 88.32, 1, 1, 1, 1
-29.5, 18.5, 1.5, -32.036, 164.23, 1, 1, 1, 1
-29.5, 19, 1.5, -300, 0, 0, 0, 0, 0
-29, 16.5, 1.5, -31.575, 71.703, 1, 1, 1, 1
-29, 17, 1.5, -31.545, -89.716, 1, 1, 1, 1
-29, 17.5, 1.5, -31.54, -57.382, 1, 1, 1, 1
-29, 18, 1.5, -31.56, 168.41, 1, 1, 1, 1
-29, 18.5, 1.5, -31.605, -131.12, 1, 1, 1, 1
-29, 19, 1.5, -300, 0, 0, 0, 0, 0
-28.5, 16.5, 1.5, -31.12, 141.34, 1, 1, 1, 1
-28.5, 17, 1.5, -31.087, -8.6265, 1, 1, 1, 1
-28.5, 17.5, 1.5, -31.081, 25.581, 1, 1, 1, 1
-28.5, 18, 1.5, -31.104, -116.39, 1, 1, 1, 1
-28.5, 18.5, 1.5, -31.154, -73.087, 1, 1, 1, 1
-28.5, 19, 1.5, -300, 0, 0, 0, 0, 0
-28, 16.5, 1.5, -30.641, -155.48, 1, 1, 1, 1
-28, 17, 1.5, -30.606, 67.389, 1, 1, 1, 1
-28, 17.5, 1.5, -30.6, 103.7, 1, 1, 1, 1
-28, 18, 1.5, -30.624, -46.972, 1, 1, 1, 1
-28, 18.5, 1.5, -30.679, -22.883, 1, 1, 1, 1
-28, 19, 1.5, -300, 0, 0, 0, 0, 0
-28, 19.5, 1.5, -30.878, -153.38, 1, 1, 1, 1
-28, 20, 1.5, -31.017, 64.898, 1, 1, 1, 1
-27.5, 16.5, 1.5, -30.16, -99.995, 1, 1, 1, 1
-27.5, 17, 1.5, -30.12, 137.34, 1, 1, 1, 1
-27.5, 17.5, 1.5, -30.114, 176.01, 1, 1, 1, 1
-27.5, 18, 1.5, -30.141, 15.534, 1, 1, 1, 1
-27.5, 18.5, 1.5, -300, 0, 0, 0, 0, 0
-27.5, 19, 1.5, -300, 0, 0, 0, 0, 0
-27.5, 19.5, 1.5, -30.414, 172.19, 1, 1, 1, 1
-27.5, 20, 1.5, -30.562, -20.755, 1, 1, 1, 1
-27, 16.5, 1.5, -29.654, -53.81, 1, 1, 1, 1
-27, 17, 1.5, -29.609, -160.06, 1, 1, 1, 1
-27, 17.5, 1.5, -29.602, -118.68, 1, 1, 1, 1
-27, 18, 1.5, -29.632, 69.689, 1, 1, 1, 1
-27, 18.5, 1.5, -300, 0, 0, 0, 0, 0
-27, 19, 1.5, -300, 0, 0, 0, 0, 0
-27, 19.5, 1.5, -29.94, 117.02, 1, 1, 1, 1
-27, 20, 1.5, -30.105, -133.09, 1, 1, 1, 1
-26.5, 16.5, 1.5, -29.12, -18.983, 1, 1, 1, 1
-26.5, 17, 1.5, -29.068, -106.44, 1, 1, 1, 1
-26.5, 17.5, 1.5, -29.06, -61.975, 1, 1, 1, 1
-26.5, 18, 1.5, -29.095, 113.63, 1, 1, 1, 1
-26.5, 19, 1.5, -300, 0, 0, 0, 0, 0
-26.5, 19.5, 1.5, -29.443, 36.886, 1, 1, 1, 1
-26.5, 20, 1.5, -29.63, 82.654, 1, 1, 1, 1
-26, 16.5, 1.5, -28.555, 1.7821, 1, 1, 1, 1
-26, 17, 1.5, -28.496, -63.972, 1, 1, 1, 1
-26, 17.5, 1.5, -28.487, -15.939, 1, 1, 1, 1
-26, 18, 1.5, -28.527, 144.91, 1, 1, 1, 1
-26, 18.5, 1.5, -28.615, 62.571, 1, 1, 1, 1
-26, 19, 1.5, -28.749, 105.6, 1, 1, 1, 1
-26, 19.5, 1.5, -28.924, -73.664, 1, 1, 1, 1
-26, 20, 1.5, -29.135, -100.11, 1, 1, 1, 1
-25.5, 16.5, 1.5, -27.958, 4.8676, 1, 1, 1, 1
-25.5, 17, 1.5, -27.889, -35.585, 1, 1, 1, 1
-25.5, 17.5, 1.5, -27.878, 16.623, 1, 1, 1, 1
-25.5, 18, 1.5, -27.925, 160.25, 1, 1, 1, 1
-25.5, 18.5, 1.5, -28.027, 40.394, 1, 1, 1, 1
-25.5, 19, 1.5, -28.181, 27.928, 1, 1, 1, 1
-25.5, 19.5, 1.5, -28.382, 138.33, 1, 1, 1, 1
-25.5, 20, 1.5, -300, 0, 0, 0, 0, 0
-25, 16.5, 1.5, -27.351, -14.663, 1, 1, 1, 1
-25, 17, 1.5, -27.278, -25.284, 1, 1, 1, 1
-25, 17.5, 1.5, -27.266, 31.86, 1, 1, 1, 1
-25, 18, 1.5, -27.316, 155.14, 1, 1, 1, 1
-25, 18.5, 1.5, -27.426, -8.7773, 1, 1, 1, 1
-25, 19, 1.5, -27.591, -85.85, 1, 1, 1, 1
-25, 19.5, 1.5, -27.816, -56.394, 1, 1, 1, 1
-25, 20, 1.5, -300, 0, 0, 0, 0, 0
-24.5, 16.5, 1.5, -26.74, -63.708, 1, 1, 1, 1
-24.5, 17, 1.5, -26.654, -38.72, 1, 1, 1, 1
-24.5, 17.5, 1.5, -26.64, 24.338, 1, 1, 1, 1
-24.5, 18, 1.5, -26.698, 123.29, 1, 1, 1, 1
-24.5, 18.5, 1.5, -26.826, -92.977, 1, 1, 1, 1
-24.5, 19, 1.5, -27.017, 114.07, 1, 1, 1, 1
-24.5, 19.5, 1.5, -300, 0, 0, 0, 0, 0
-24.5, 20, 1.5, -300, 0, 0, 0, 0, 0
-24, 16.5, 1.5, -26.106, -152.15, 1, 1, 1, 1
-24, 17, 1.5, -26.006, -84.084, 1, 1, 1, 1
-24, 17.5, 1.5, -25.989, -13.835, 1, 1, 1, 1
-24, 18, 1.5, -26.057, 55.593, 1, 1, 1, 1
-24, 18.5, 1.5, -26.206, 136.4, 1, 1, 1, 1
-24, 19, 1.5, -26.426, -106.44, 1, 1, 1, 1
-23.5, 16.5, 1.5, -25.517, 65.4, 1, 1, 1, 1
-23.5, 17, 1.5, -25.418, -173.65, 1, 1, 1, 1
-23.5, 17.5, 1.5, -25.402, -94.512, 1, 1, 1, 1
-23.5, 18, 1.5, -25.469, -61.457, 1, 1, 1, 1
-23.5, 18.5, 1.5, -25.617, -57.243, 1, 1, 1, 1
-23.5, 19, 1.5, -25.839, -47.345, 1, 1, 1, 1
-23, 16.5, 1.5, -24.98, -153.28, 1, 1, 1, 1
-23, 17, 1.5, -24.894, 33.515, 1, 1, 1, 1
-23, 17.5, 1.5, -24.881, 123.82, 1, 1, 1, 1
-23, 18, 1.5, -24.936, 111.35, 1, 1, 1, 1
-23, 18.5, 1.5, -25.087, 21.319, 1, 1, 1, 1
-23, 19, 1.5, -25.328, -97.325, 1, 1, 1, 1
-22.5, 16.5, 1.5, -24.643, -123.21, 1, 1, 1, 1
-22.5, 17, 1.5, -24.589, 146.51, 1, 1, 1, 1
-22.5, 17.5, 1.5, -24.587, -108.92, 1, 1, 1, 1
-22.5, 18, 1.5, -24.614, -179.16, 1, 1, 1, 1
-22.5, 18.5, 1.5, -24.71, -25.931, 1, 1, 1, 1
-22.5, 19, 1.5, -24.89, 61.865, 1, 1, 1, 1
-22, 16.5, 1.5, -24.647, 98.854, 1, 1, 1, 1
-22, 17, 1.5, -24.775, 113.19, 1, 1, 1, 1
-22, 17.5, 1.5, -24.807, -123.91, 1, 1, 1, 1
-22, 18, 1.5, -24.69, 92.201, 1, 1, 1, 1
-22, 18.5, 1.5, -24.596, 101.6, 1, 1, 1, 1
-22, 19, 1.5, -24.63, 9.3514, 1, 1, 1, 1
-21.5, 16.5, 1.5, -25.32, 59.499, 1, 1, 1, 1
-21.5, 17, 1.5, -25.991, -157.49, 1, 1, 1, 1
-21.5, 17.5, 1.5, -26.138, -11.355, 1, 1, 1, 1
-21.5, 18, 1.5, -25.604, 112.71, 1, 1, 1, 1
-21.5, 18.5, 1.5, -24.942, -49, 1, 1, 1, 1
-21.5, 19, 1.5, -24.61, 18.325, 1, 1, 1, 1
-21, 16.5, 1.5, -27.085, -30.888, 1, 1, 1, 1
-21, 17, 1.5, -29.475, -104.02, 1, 1, 1, 1
-21, 17.5, 1.5, -30.101, 69.138, 1, 1, 1, 1
-21, 18, 1.5, -28.016, 88.069, 1, 1, 1, 1
-21, 18.5, 1.5, -25.897, 103.34, 1, 1, 1, 1
-21, 19, 1.5, -24.834, -26.856, 1, 1, 1, 1
-20.5, 16.5, 1.5, -29.756, -23.164, 1, 1, 1, 1
-20.5, 17, 1.5, -37.495, 24.914, 1, 1, 1, 1
-20.5, 17.5, 1.5, -40.872, -138.12, 1, 1, 1, 1
-20.5, 18, 1.5, -32.208, 150.08, 1, 1, 1, 1
-20.5, 18.5, 1.5, -27.168, 18.346, 1, 1, 1, 1
-20.5, 19, 1.5, -25.149, 102.04, 1, 1, 1, 1
-20, 16.5, 1.5, -30.79, -125.65, 1, 1, 1, 1
-20, 17, 1.5, -43.254, -44.184, 1, 1, 1, 1
-20, 17.5, 1.5, -54.363, 159.54, 1, 1, 1, 1
-20, 18, 1.5, -34.1, 62.349, 1, 1, 1, 1
-20, 18.5, 1.5, -27.595, -108.68, 1, 1, 1, 1
-20, 19, 1.5, -25.248, -62.185, 1, 1, 1, 1
-19.5, 16.5, 1.5, -28.589, -39.726, 1, 1, 1, 1
-19.5, 17, 1.5, -33.337, -36.961, 1, 1, 1, 1
-19.5, 17.5, 1.5, -34.869, 150.98, 1, 1, 1, 1
-19.5, 18, 1.5, -30.275, 113.35, 1, 1, 1, 1
-19.5, 18.5, 1.5, -26.642, 35.786, 1, 1, 1, 1
-19.5, 19, 1.5, -25.024, 172.03, 1, 1, 1, 1
-19, 16.5, 1.5, -26.169, 16.72, 1, 1, 1, 1
-19, 17, 1.5, -27.575, -118.59, 1, 1, 1, 1
-19, 17.5, 1.5, -27.914, 42.733, 1, 1, 1, 1
-19, 18, 1.5, -26.744, 107.42, 1, 1, 1, 1
-19, 18.5, 1.5, -25.41, -159.31, 1, 1, 1, 1
-19, 19, 1.5, -24.701, 152.54, 1, 1, 1, 1
-18.5, 16.5, 1.5, -24.927, -92.258, 1, 1, 1, 1
-18.5, 17, 1.5, -25.28, -7.3948, 1, 1, 1, 1
-18.5, 17.5, 1.5, -25.363, 128.15, 1, 1, 1, 1
-18.5, 18, 1.5, -25.074, -65.985, 1, 1, 1, 1
-18.5, 18.5, 1.5, -24.713, -151.21, 1, 1, 1, 1
-18.5, 19, 1.5, -24.585, 3.841, 1, 1, 1, 1
-18, 16.5, 1.5, -24.587, -179.92, 1, 1, 1, 1
-18, 17, 1.5, -24.619, 146.51, 1, 1, 1, 1
-18, 17.5, 1.5, -24.628, -99.038, 1, 1, 1, 1
-18, 18, 1.5, -24.598, 150.92, 1, 1, 1, 1
-18, 18.5, 1.5, -24.588, -134.32, 1, 1, 1, 1
-18, 19, 1.5, -24.724, -146.02, 1, 1, 1, 1
-17.5, 16.5, 1.5, -24.766, -123.11, 1, 1, 1, 1
-17.5, 17, 1.5, -24.694, 108.56, 1, 1, 1, 1
-17.5, 17.5, 1.5, -24.683, -153.44, 1, 1, 1, 1
-17.5, 18, 1.5, -24.731, 162.89, 1, 1, 1, 1
-17.5, 19, 1.5, -300, 0, 0, 0, 0, 0
-17, 16.5, 1.5, -25.204, 153.56, 1, 1, 1, 1
-17, 17, 1.5, -25.101, -49.783, 1, 1, 1, 1
-17, 17.5, 1.5, -25.084, 35.393, 1, 1, 1, 1
-17, 18, 1.5, -25.154, 43.8, 1, 1, 1, 1
-17, 18.5, 1.5, -300, 0, 0, 0, 0, 0
-17, 19, 1.5, -300, 0, 0, 0, 0, 0
-16.5, 16.5, 1.5, -25.759, -23.926, 1, 1, 1, 1
-16.5, 17, 1.5, -25.665, 72.904, 1, 1, 1, 1
-16.5, 17.5, 1.5, -25.649, 147.98, 1, 1, 1, 1
-16.5, 18, 1.5, -25.713, -162.36, 1, 1, 1, 1
-16.5, 18.5, 1.5, -25.855, -123.3, 1, 1, 1, 1
-16.5, 19, 1.5, -300, 0, 0, 0, 0, 0
-16, 16.5, 1.5, -26.381, 93.108, 1, 1, 1, 1
-16, 17, 1.5, -26.287, 141.6, 1, 1, 1, 1
-16, 17.5, 1.5, -26.272, -151.42, 1, 1, 1, 1
-16, 18, 1.5, -26.335, -68.567, 1, 1, 1, 1
-16, 18.5, 1.5, -26.475, 40.771, 1, 1, 1, 1
-16, 19, 1.5, -300, 0, 0, 0, 0, 0
-16, 19.5, 1.5, -300, 0, 0, 0, 0, 0
-16, 20, 1.5, -300, 0, 0, 0, 0, 0
-15.5, 16.5, 1.5, -27.006, 163.15, 1, 1, 1, 1
-15.5, 17, 1.5, -26.926, 172.02, 1, 1, 1, 1
-15.5, 17.5, 1.5, -26.913, -127.6, 1, 1, 1, 1
-15.5, 18, 1.5, -26.967, -17.633, 1, 1, 1, 1
-15.5, 18.5, 1.5, -27.087, 149.76, 1, 1, 1, 1
-15.5, 19, 1.5, -27.266, 30.976, 1, 1, 1, 1
-15.5, 19.5, 1.5, -300, 0, 0, 0, 0, 0
-15.5, 20, 1.5, -300, 0, 0, 0, 0, 0
-15, 16.5, 1.5, -27.606, -161.51, 1, 1, 1, 1
-15, 17, 1.5, -27.537, 174.42, 1, 1, 1, 1
-15, 17.5, 1.5, -27.526, -130.66, 1, 1, 1, 1
-15, 18, 1.5, -27.573, 1.7968, 1, 1, 1, 1
-15, 18.5, 1.5, -27.677, -142.27, 1, 1, 1, 1
-15, 19, 1.5, -27.845, 169.68, 1, 1, 1, 1
-15, 19.5, 1.5, -300, 0, 0, 0, 0, 0
-15, 20, 1.5, -300, 0, 0, 0, 0, 0
-14.5, 16.5, 1.5, -28.219, -152.41, 1, 1, 1, 1
-14.5, 17, 1.5, -28.155, 155.76, 1, 1, 1, 1
-14.5, 17.5, 1.5, -28.144, -153.91, 1, 1, 1, 1
-14.5, 18, 1.5, -28.188, -2.5371, 1, 1, 1, 1
-14.5, 18.5, 1.5, -28.284, -105.54, 1, 1, 1, 1
-14.5, 19, 1.5, -28.429, -93.138, 1, 1, 1, 1
-14.5, 19.5, 1.5, -300, 0, 0, 0, 0, 0
-14.5, 20, 1.5, -300, 0, 0, 0, 0, 0
-14, 16.5, 1.5, -28.802, -163.62, 1, 1, 1, 1
-14, 17, 1.5, -28.746, 120.9, 1, 1, 1, 1
-14, 17.5, 1.5, -28.737, 167.33, 1, 1, 1, 1
-14, 18, 1.5, -28.775, -25.199, 1, 1, 1, 1
-14, 18.5, 1.5, -28.859, -93.087, 1, 1, 1, 1
-14, 19, 1.5, -28.985, -28.568, 1, 1, 1, 1
-14, 19.5, 1.5, -29.15, 179.61, 1, 1, 1, 1
-14, 20, 1.5, -300, 0, 0, 0, 0, 0
-13.5, 16.5, 1.5, -29.353, 169.19, 1, 1, 1, 1
-13.5, 17, 1.5, -29.305, 73.333, 1, 1, 1, 1
-13.5, 17.5, 1.5, -29.297, 116.41, 1, 1, 1, 1
-13.5, 18, 1.5, -29.33, -62.271, 1, 1, 1, 1
-13.5, 18.5, 1.5, -29.403, -99.831, 1, 1, 1, 1
-13.5, 19, 1.5, -29.514, 9.9863, 1, 1, 1, 1
-13.5, 19.5, 1.5, -29.659, -83.676, 1, 1, 1, 1
-13.5, 20, 1.5, -300, 0, 0, 0, 0, 0
-13, 16.5, 1.5, -29.875, 129.19, 1, 1, 1, 1
-13, 17, 1.5, -29.832, 15.617, 1, 1, 1, 1
-13, 17.5, 1.5, -29.825, 55.788, 1, 1, 1, 1
-13, 18, 1.5, -29.854, -110.87, 1, 1, 1, 1
-13, 18.5, 1.5, -29.919, -122, 1, 1, 1, 1
-13, 19, 1.5, -30.017, 27.495, 1, 1, 1, 1
-12.5, 16.5, 1.5, -30.37, 78.785, 1, 1, 1, 1
-12.5, 17, 1.5, -30.332, -50.324, 1, 1, 1, 1
-12.5, 17.5, 1.5, -30.326, -12.7, 1, 1, 1, 1
-12.5, 18, 1.5, -30.352, -168.81, 1, 1, 1, 1
-12.5, 18.5, 1.5, -30.409, -156.73, 1, 1, 1, 1
-12.5, 19, 1.5, -30.496, 27.765, 1, 1, 1, 1
-12, 13.5, 1.5, -300, 0, 0, 0, 0, 0
-12, 14, 1.5, -300, 0, 0, 0, 0, 0
-12, 14.5, 1.5, -300, 0, 0, 0, 0, 0
-12, 15, 1.5, -300, 0, 0, 0, 0, 0
-12, 15.5, 1.5, -300, 0, 0, 0, 0, 0
-12, 16, 1.5, -300, 0, 0, 0, 0, 0
-12, 16.5, 1.5, -30.85, 19.817, 1, 1, 1, 1
-12, 17, 1.5, -30.815, -123.02, 1, 1, 1, 1
-12, 17.5, 1.5, -30.809, -87.643, 1, 1, 1, 1
-12, 18, 1.5, -30.833, 125.55, 1, 1, 1, 1
-12, 18.5, 1.5, -30.886, 158.18, 1, 1, 1, 1
-12, 19, 1.5, -30.968, 13.75, 1, 1, 1, 1
-11.5, 13.5, 1.5, -300, 0, 0, 0, 0, 0
-11.5, 14, 1.5, -300, 0, 0, 0, 0, 0
-11.5, 14.5, 1.5, -300, 0, 0, 0, 0, 0
-11.5, 15, 1.5, -300, 0, 0, 0, 0, 0
-11.5, 15.5, 1.5, -300, 0, 0, 0, 0, 0
-11.5, 16, 1.5, -300, 0, 0, 0, 0, 0
-11.5, 16.5, 1.5, -31.318, -46.278, 1, 1, 1, 1
-11.5, 17, 1.5, -31.287, 158.68, 1, 1, 1, 1
-11.5, 17.5, 1.5, -31.281, -167.95, 1, 1, 1, 1
-11.5, 18, 1.5, -31.303, 53.525, 1, 1, 1, 1
-11.5, 18.5, 1.5, -31.351, 104.44, 1, 1, 1, 1
-11.5, 19, 1.5, -31.424, -12.222, 1, 1, 1, 1
-11, 13.5, 1.5, -300, 0, 0, 0, 0, 0
-11, 14, 1.5, -300, 0, 0, 0, 0, 0
-11, 14.5, 1.5, -300, 0, 0, 0, 0, 0
-11, 15, 1.5, -300, 0, 0, 0, 0, 0
-11, 15.5, 1.5, -300, 0, 0, 0, 0, 0
-11, 16, 1.5, -300, 0, 0, 0, 0, 0
-11, 16.5, 1.5, -31.764, -118.37, 1, 1, 1, 1
-11, 17, 1.5, -31.735, 75.658, 1, 1, 1, 1
-11, 17.5, 1.5, -31.73, 107.25, 1, 1, 1, 1
-11, 18, 1.5, -31.75, -23.877, 1, 1, 1, 1
-11, 18.5, 1.5, -31.793, 43.434, 1, 1, 1, 1
-11, 19, 1.5, -31.859, -48.296, 1, 1, 1, 1
-10.5, 13.5, 1.5, -300, 0, 0, 0, 0, 0
-10.5, 14, 1.5, -300, 0, 0, 0, 0, 0
-10.5, 14.5, 1.5, -300, 0, 0, 0, 0, 0
-10.5, 15, 1.5, -300, 0, 0, 0, 0, 0
-10.5, 15.5, 1.5, -300, 0, 0, 0, 0, 0
-10.5, 16, 1.5, -300, 0, 0, 0, 0, 0
-10.5, 16.5, 1.5, -32.188, 164.46, 1, 1, 1, 1
-10.5, 17, 1.5, -32.162, -11.355, 1, 1, 1, 1
-10.5, 17.5, 1.5, -32.158, 18.627, 1, 1, 1, 1
-10.5, 18, 1.5, -32.176, -105.83, 1, 1, 1, 1
-10.5, 18.5, 1.5, -32.215, -23.758, 1, 1, 1, 1
-10.5, 19, 1.5, -32.274, -92.979, 1, 1, 1, 1
-10.5, 19.5, 1.5, -300, 0, 0, 0, 0, 0
-10.5, 20, 1.5, -300, 0, 0, 0, 0, 0
-10, 13.5, 1.5, -300, 0, 0, 0, 0, 0
-10, 14, 1.5, -300, 0, 0, 0, 0, 0
-10, 14.5, 1.5, -300, 0, 0, 0, 0, 0
-10, 15, 1.5, -300, 0, 0, 0, 0, 0
-10, 15.5, 1.5, -300, 0, 0, 0, 0, 0
-10, 16, 1.5, -300, 0, 0, 0, 0, 0
-10, 16.5, 1.5, -32.594, 82.929, 1, 1, 1, 1
-10, 17, 1.5, -32.57, -101.78, 1, 1, 1, 1
-10, 17.5, 1.5, -32.566, -73.254, 1, 1, 1, 1
-10, 18, 1.5, -32.582, 168.31, 1, 1, 1, 1
-10, 18.5, 1.5, -32.618, -96.246, 1, 1, 1, 1
-10, 19, 1.5, -32.672, -145.05, 1, 1, 1, 1
-10, 19.5, 1.5, -300, 0, 0, 0, 0, 0
-10, 20, 1.5, -300, 0, 0, 0, 0, 0
-9.5, 13.5, 1.5, -300, 0, 0, 0, 0, 0
-9.5, 14, 1.5, -300, 0, 0, 0, 0, 0
-9.5, 14.5, 1.5, -300, 0, 0, 0, 0, 0
-9.5, 15, 1.5, -300, 0, 0, 0, 0, 0
-9.5, 15.5, 1.5, -300, 0, 0, 0, 0, 0
-9.5, 16, 1.5, -33.021, 51.538, 1, 1, 1, 1
-9.5, 16.5, 1.5, -32.982, -2.3514, 1, 1, 1, 1
-9.5, 17, 1.5, -32.96, 164.85, 1, 1, 1, 1
-9.5, 17.5, 1.5, -32.957, -167.94, 1, 1, 1, 1
-9.5, 18, 1.5, -32.971, 79.095, 1, 1, 1, 1
-9.5, 18.5, 1.5, -33.004, -173.3, 1, 1, 1, 1
-9.5, 19, 1.5, -33.053, 156.48, 1, 1, 1, 1
-9.5, 19.5, 1.5, -33.12, -9.0776, 1, 1, 1, 1
-9.5, 20, 1.5, -300, 0, 0, 0, 0, 0
-9, 13.5, 1.5, -300, 0, 0, 0, 0, 0
-9, 14, 1.5, -300, 0, 0, 0, 0, 0
-9, 14.5, 1.5, -300, 0, 0, 0, 0, 0
-9, 15, 1.5, -300, 0, 0, 0, 0, 0
-9, 15.5, 1.5, -300, 0, 0, 0, 0, 0
-9, 16, 1.5, -33.389, -23.58, 1, 1, 1, 1
-9, 16.5, 1.5, -33.354, -90.89, 1, 1, 1, 1
-9, 17, 1.5, -33.334, 68.931, 1, 1, 1, 1
-9, 17.5, 1.5, -33.331, 94.935, 1, 1, 1, 1
-9, 18, 1.5, -33.344, -13.034, 1, 1, 1, 1
-9, 18.5, 1.5, -33.374, 105.67, 1, 1, 1, 1
-9, 19, 1.5, -33.419, 92.458, 1, 1, 1, 1
-9, 19.5, 1.5, -33.48, -50.503, 1, 1, 1, 1
-9, 20, 1.5, -300, 0, 0, 0, 0, 0
-8.5, 16.5, 1.5, -33.711, 177.73, 1, 1, 1, 1
-8.5, 17, 1.5, -33.692, -29.214, 1, 1, 1, 1
-8.5, 17.5, 1.5, -33.69, -4.3142, 1, 1, 1, 1
-8.5, 18, 1.5, -33.702, -107.71, 1, 1, 1, 1
-8.5, 19, 1.5, -300, 0, 0, 0, 0, 0
-8.5, 19.5, 1.5, -33.827, -98.622, 1, 1, 1, 1
-8.5, 20, 1.5, -300, 0, 0, 0, 0, 0
-8, 16.5, 1.5, -34.054, 83.844, 1, 1, 1, 1
-8, 17, 1.5, -34.037, -129.32, 1, 1, 1, 1
-8, 17.5, 1.5, -34.034, -105.43, 1, 1, 1, 1
-8, 18, 1.5, -34.046, 155.38, 1, 1, 1, 1
-8, 18.5, 1.5, -300, 0, 0, 0, 0, 0
-8, 19, 1.5, -300, 0, 0, 0, 0, 0
-8, 19.5, 1.5, -34.161, -152.64, 1, 1, 1, 1
-8, 20, 1.5, -300, 0, 0, 0, 0, 0
-7.5, 16.5, 1.5, -34.384, -12.246, 1, 1, 1, 1
-7.5, 17, 1.5, -34.369, 128.86, 1, 1, 1, 1
-7.5, 17.5, 1.5, -34.366, 151.81, 1, 1, 1, 1
-7.5, 18, 1.5, -34.377, 56.501, 1, 1, 1, 1
-7.5, 18.5, 1.5, -300, 0, 0, 0, 0, 0
-7.5, 19, 1.5, -300, 0, 0, 0, 0, 0
-7.5, 19.5, 1.5, -34.484, 148.11, 1, 1, 1, 1
-7.5, 20, 1.5, -34.544, -50.558, 1, 1, 1, 1
-7, 16.5, 1.5, -34.703, -110.29, 1, 1, 1, 1
-7, 17, 1.5, -34.689, 25.502, 1, 1, 1, 1
-7, 17.5, 1.5, -34.686, 47.589, 1, 1, 1, 1
-7, 18, 1.5, -34.696, -44.131, 1, 1, 1, 1
-7, 18.5, 1.5, -300, 0, 0, 0, 0, 0
-7, 19, 1.5, -300, 0, 0, 0, 0, 0
-7, 19.5, 1.5, -34.795, 84.201, 1, 1, 1, 1
-7, 20, 1.5, -34.851, -94.094, 1, 1, 1, 1
-6.5, 16.5, 1.5, -35.01, 149.91, 1, 1, 1, 1
-6.5, 17, 1.5, -34.997, -79.218, 1, 1, 1, 1
-6.5, 17.5, 1.5, -34.995, -57.934, 1, 1, 1, 1
-6.5, 18, 1.5, -35.004, -146.32, 1, 1, 1, 1
-6.5, 18.5, 1.5, -300, 0, 0, 0, 0, 0
-6.5, 19, 1.5, -300, 0, 0, 0, 0, 0
-6.5, 19.5, 1.5, -35.097, 16.135, 1, 1, 1, 1
-6.5, 20, 1.5, -35.149, -143.19, 1, 1, 1, 1
-6, 16.5, 1.5, -35.308, 48.552, 1, 1, 1, 1
-6, 17, 1.5, -35.295, 174.84, 1, 1, 1, 1
-6, 17.5, 1.5, -35.293, -164.62, 1, 1, 1, 1
-6, 18, 1.5, -35.302, 110.09, 1, 1, 1, 1
-6, 18.5, 1.5, -300, 0, 0, 0, 0, 0
-6, 19, 1.5, -300, 0, 0, 0, 0, 0
-5.5, 16.5, 1.5, -35.595, -54.211, 1, 1, 1, 1
-5.5, 17, 1.5, -35.584, 67.804, 1, 1, 1, 1
-5.5, 17.5, 1.5, -35.582, 87.645, 1, 1, 1, 1
-5.5, 18, 1.5, -35.589, 5.2427, 1, 1, 1, 1
-5.5, 18.5, 1.5, -300, 0, 0, 0, 0, 0
-5.5, 19, 1.5, -300, 0, 0, 0, 0, 0
-5, 16.5, 1.5, -35.874, -158.24, 1, 1, 1, 1
-5, 17, 1.5, -35.863, -40.222, 1, 1, 1, 1
-5, 17.5, 1.5, -35.861, -21.031, 1, 1, 1, 1
-5, 18, 1.5, -35.868, -100.73, 1, 1, 1, 1
-5, 18.5, 1.5, -300, 0, 0, 0, 0, 0
-5, 19, 1.5, -300, 0, 0, 0, 0, 0
-4.5, 16.5, 1.5, -36.143, 96.583, 1, 1, 1, 1
-4.5, 17, 1.5, -36.133, -149.14, 1, 1, 1, 1
-4.5, 17.5, 1.5, -36.132, -130.56, 1, 1, 1, 1
-4.5, 18, 1.5, -36.139, 152.27, 1, 1, 1, 1
-4.5, 18.5, 1.5, -300, 0, 0, 0, 0, 0
-4.5, 19, 1.5, -300, 0, 0, 0, 0, 0
-4, 16.5, 1.5, -36.407, -9.6342, 1, 1, 1, 1
-4, 17, 1.5, -36.397, 101.13, 1, 1, 1, 1
-4, 17.5, 1.5, -36.396, 119.13, 1, 1, 1, 1
-4, 18, 1.5, -36.402, 44.339, 1, 1, 1, 1
-4, 18.5, 1.5, -36.417, -123.05, 1, 1, 1, 1
-4, 19, 1.5, -300, 0, 0, 0, 0, 0
-3.5, 16.5, 1.5, -36.667, -116.8, 1, 1, 1, 1
-3.5, 17, 1.5, -36.658, -9.3442, 1, 1, 1, 1
-3.5, 17.5, 1.5, -36.656, 8.1259, 1, 1, 1, 1
-3.5, 18, 1.5, -36.662, -64.436, 1, 1, 1, 1
-3.5, 18.5, 1.5, -36.676, 133.17, 1, 1, 1, 1
-3.5, 19, 1.5, -300, 0, 0, 0, 0, 0
-3, 16.5, 1.5, -36.919, 135.17, 1, 1, 1, 1
-3, 17, 1.5, -36.911, -120.49, 1, 1, 1, 1
-3, 17.5, 1.5, -36.909, -103.53, 1, 1, 1, 1
-3, 18, 1.5, -36.915, -173.98, 1, 1, 1, 1
-3, 18.5, 1.5, -36.928, 28.318, 1, 1, 1, 1
-3, 19, 1.5, -300, 0, 0, 0, 0, 0
-2.5, 16.5, 1.5, -37.165, 26.347, 1, 1, 1, 1
-2.5, 17, 1.5, -37.157, 127.75, 1, 1, 1, 1
-2.5, 17.5, 1.5, -37.155, 144.23, 1, 1, 1, 1
-2.5, 18, 1.5, -37.161, 75.761, 1, 1, 1, 1
-2.5, 18.5, 1.5, -37.173, -77.501, 1, 1, 1, 1
-2.5, 19, 1.5, -300, 0, 0, 0, 0, 0
-2, 16.5, 1.5, -37.404, -83.204, 1, 1, 1, 1
-2, 17, 1.5, -37.396, 15.417, 1, 1, 1, 1
-2, 17.5, 1.5, -37.395, 31.449, 1, 1, 1, 1
-2, 18, 1.5, -37.4, -35.143, 1, 1, 1, 1
-2, 18.5, 1.5, -37.412, 175.79, 1, 1, 1, 1
-2, 19, 1.5, -300, 0, 0, 0, 0, 0
-1.5, 15.5, 1.5, -300, 0, 0, 0, 0, 0
-1.5, 16, 1.5, -300, 0, 0, 0, 0, 0
-1.5, 16.5, 1.5, -37.636, 166.58, 1, 1, 1, 1
-1.5, 17, 1.5, -37.629, -97.434, 1, 1, 1, 1
-1.5, 17.5, 1.5, -37.627, -81.83, 1, 1, 1, 1
-1.5, 18, 1.5, -37.632, -146.64, 1, 1, 1, 1
-1.5, 18.5, 1.5, -37.644, 68.261, 1, 1, 1, 1
-1.5, 19, 1.5, -300, 0, 0, 0, 0, 0
-1, 15.5, 1.5, -300, 0, 0, 0, 0, 0
-1, 16, 1.5, -300, 0, 0, 0, 0, 0
-1, 16.5, 1.5, -37.862, 55.74, 1, 1, 1, 1
-1, 17, 1.5, -37.855, 149.23, 1, 1, 1, 1
-1, 17.5, 1.5, -37.854, 164.43, 1, 1, 1, 1
-1, 18, 1.5, -37.859, 101.3, 1, 1, 1, 1
-1, 18.5, 1.5, -37.87, -40.024, 1, 1, 1, 1
-1, 19, 1.5, -300, 0, 0, 0, 0, 0
-0.5, 15.5, 1.5, -300, 0, 0, 0, 0, 0
-0.5, 16, 1.5, -300, 0, 0, 0, 0, 0
-0.5, 16.5, 1.5, -38.083, -55.667, 1, 1, 1, 1
-0.5, 17, 1.5, -38.077, 35.457, 1, 1, 1, 1
-0.5, 17.5, 1.5, -38.075, 50.27, 1, 1, 1, 1
-0.5, 18, 1.5, -38.08, -11.258, 1, 1, 1, 1
-0.5, 18.5, 1.5, -38.09, -149.01, 1, 1, 1, 1
-0.5, 19, 1.5, -300, 0, 0, 0, 0, 0
0, 15.5, 1.5, -300, 0, 0, 0, 0, 0
0, 16, 1.5, -300, 0, 0, 0, 0, 0
0, 16.5, 1.5, -38.298, -167.6, 1, 1, 1, 1
0, 17, 1.5, -38.292, -78.73, 1, 1, 1, 1
0, 17.5, 1.5, -38.291, -64.284, 1, 1, 1, 1
0, 18, 1.5, -38.295, -124.29, 1, 1, 1, 1
0, 18.5, 1.5, -38.305, 101.36, 1, 1, 1, 1
0, 19, 1.5, -300, 0, 0, 0, 0, 0
0.5, 15.5, 1.5, -300, 0, 0, 0, 0, 0
0.5, 16, 1.5, -300, 0, 0, 0, 0, 0
0.5, 16.5, 1.5, -38.509, 79.973, 1, 1, 1, 1
0.5, 17, 1.5, -38.503, 166.7, 1, 1, 1, 1
0.5, 17.5, 1.5, -38.502, -179.2, 1, 1, 1, 1
0.5, 18, 1.5, -38.506, 122.24, 1, 1, 1, 1
0.5, 19, 1.5, -38.529, 147.7, 1, 1, 1, 1
1, 15.5, 1.5, -300, 0, 0, 0, 0, 0
1, 16, 1.5, -300, 0, 0, 0, 0, 0
1, 16.5, 1.5, -38.714, -32.907, 1, 1, 1, 1
1, 17, 1.5, -38.708, 51.778, 1, 1, 1, 1
1, 17.5, 1.5, -38.707, 65.543, 1, 1, 1, 1
1, 18, 1.5, -38.711, 8.3647, 1, 1, 1, 1
1, 18.5, 1.5, -300, 0, 0, 0, 0, 0
1, 19, 1.5, -38.733, 41.682, 1, 1, 1, 1
1.5, 16.5, 1.5, -38.914, -146.21, 1, 1, 1, 1
1.5, 17, 1.5, -38.909, -63.475, 1, 1, 1, 1
1.5, 17.5, 1.5, -38.908, -50.028, 1, 1, 1, 1
1.5, 18, 1.5, -38.912, -105.89, 1, 1, 1, 1
1.5, 18.5, 1.5, -300, 0, 0, 0, 0, 0
1.5, 19, 1.5, -38.933, -65.07, 1, 1, 1, 1
2, 16.5, 1.5, -39.11, 100.09, 1, 1, 1, 1
2, 17, 1.5, -39.105, -179.04, 1, 1, 1, 1
2, 17.5, 1.5, -39.104, -165.89, 1, 1, 1, 1
2, 18, 1.5, -39.108, 139.51, 1, 1, 1, 1
2, 18.5, 1.5, -300, 0, 0, 0, 0, 0
2, 19, 1.5, -39.128, -172.51, 1, 1, 1, 1
2.5, 16.5, 1.5, -39.302, -13.977, 1, 1, 1, 1
2.5, 17, 1.5, -39.297, 65.115, 1, 1, 1, 1
2.5, 17.5, 1.5, -39.296, 77.971, 1, 1, 1, 1
2.5, 18, 1.5, -39.299, 24.57, 1, 1, 1, 1
2.5, 18.5, 1.5, -300, 0, 0, 0, 0, 0
2.5, 19, 1.5, -39.319, 79.408, 1, 1, 1, 1
3, 16.5, 1.5, -39.489, -128.39, 1, 1, 1, 1
3, 17, 1.5, -39.485, -51.001, 1, 1, 1, 1
3, 17.5, 1.5, -39.484, -38.423, 1, 1, 1, 1
3, 18, 1.5, -39.487, -90.673, 1, 1, 1, 1
3, 18.5, 1.5, -300, 0, 0, 0, 0, 0
3, 19, 1.5, -39.506, -29.276, 1, 1, 1, 1
3.5, 16.5, 1.5, -39.673, 116.87, 1, 1, 1, 1
3.5, 17, 1.5, -39.668, -167.37, 1, 1, 1, 1
3.5, 17.5, 1.5, -39.668, -155.06, 1, 1, 1, 1
3.5, 18, 1.5, -39.671, 153.79, 1, 1, 1, 1
3.5, 18.5, 1.5, -300, 0, 0, 0, 0, 0
3.5, 19, 1.5, -39.689, -138.52, 1, 1, 1, 1
4, 16.5, 1.5, -39.853, 1.8331, 1, 1, 1, 1
4, 17, 1.5, -39.848, 76.025, 1, 1, 1, 1
4, 17.5, 1.5, -39.848, 88.083, 1, 1, 1, 1
4, 18, 1.5, -39.851, 37.992, 1, 1, 1, 1
4, 18.5, 1.5, -300, 0, 0, 0, 0, 0
4, 19, 1.5, -300, 0, 0, 0, 0, 0
4.5, 16.5, 1.5, -40.029, -113.49, 1, 1, 1, 1
4.5, 17, 1.5, -40.025, -40.802, 1, 1, 1, 1
4.5, 17.5, 1.5, -40.024, -28.988, 1, 1, 1, 1
4.5, 18, 1.5, -40.027, -78.064, 1, 1, 1, 1
4.5, 18.5, 1.5, -300, 0, 0, 0, 0, 0
4.5, 19, 1.5, -300, 0, 0, 0, 0, 0
5, 16.5, 1.5, -40.202, 130.91, 1, 1, 1, 1
5, 17, 1.5, -40.198, -157.84, 1, 1, 1, 1
5, 17.5, 1.5, -40.197, -146.26, 1, 1, 1, 1
5, 18, 1.5, -40.2, 165.64, 1, 1, 1, 1
5, 18.5, 1.5, -300, 0, 0, 0, 0, 0
5, 19, 1.5, -300, 0, 0, 0, 0, 0
5.5, 16.5, 1.5, -40.371, 15.069, 1, 1, 1, 1
5.5, 17, 1.5, -40.367, 84.932, 1, 1, 1, 1
5.5, 17.5, 1.5, -40.367, 96.286, 1, 1, 1, 1
5.5, 18, 1.5, -40.369, 49.119, 1, 1, 1, 1
5.5, 18.5, 1.5, -300, 0, 0, 0, 0, 0
5.5, 19, 1.5, -300, 0, 0, 0, 0, 0
6, 16.5, 1.5, -40.537, -101.01, 1, 1, 1, 1
6, 17, 1.5, -40.533, -32.485, 1, 1, 1, 1
6, 17.5, 1.5, -40.533, -21.348, 1, 1, 1, 1
6, 18, 1.5, -40.535, -67.614, 1, 1, 1, 1
6, 18.5, 1.5, -300, 0, 0, 0, 0, 0
6, 19, 1.5, -300, 0, 0, 0, 0, 0
6.5, 16.5, 1.5, -40.7, 142.68, 1, 1, 1, 1
6.5, 17, 1.5, -40.697, -150.08, 1, 1, 1, 1
6.5, 17.5, 1.5, -40.696, -139.15, 1, 1, 1, 1
6.5, 18, 1.5, -40.699, 175.45, 1, 1, 1, 1
6.5, 18.5, 1.5, -300, 0, 0, 0, 0, 0
6.5, 19, 1.5, -300, 0, 0, 0, 0, 0
7, 16.5, 1.5, -40.86, 26.158, 1, 1, 1, 1
7, 17, 1.5, -40.857, 92.167, 1, 1, 1, 1
7, 17.5, 1.5, -40.856, 102.89, 1, 1, 1, 1
7, 18, 1.5, -40.859, 58.33, 1, 1, 1, 1
7, 18.5, 1.5, -40.864, -41.482, 1, 1, 1, 1
7, 19, 1.5, -300, 0, 0, 0, 0, 0
7.5, 15.5, 1.5, -300, 0, 0, 0, 0, 0
7.5, 16, 1.5, -41.024, 150.4, 1, 1, 1, 1
7.5, 16.5, 1.5, -41.017, -90.563, 1, 1, 1, 1
7.5, 17, 1.5, -41.014, -25.746, 1, 1, 1, 1
7.5, 17.5, 1.5, -41.014, -15.212, 1, 1, 1, 1
7.5, 18, 1.5, -41.016, -58.972, 1, 1, 1, 1
7.5, 18.5, 1.5, -41.021, -156.98, 1, 1, 1, 1
7.5, 19, 1.5, -300, 0, 0, 0, 0, 0
7.5, 19.5, 1.5, -300, 0, 0, 0, 0, 0
7.5, 20, 1.5, -300, 0, 0, 0, 0, 0
8, 15.5, 1.5, -300, 0, 0, 0, 0, 0
8, 16, 1.5, -41.178, 35.597, 1, 1, 1, 1
8, 16.5, 1.5, -41.172, 152.53, 1, 1, 1, 1
8, 17, 1.5, -41.169, -143.81, 1, 1, 1, 1
8, 17.5, 1.5, -41.168, -133.46, 1, 1, 1, 1
8, 18, 1.5, -41.17, -176.44, 1, 1, 1, 1
8, 18.5, 1.5, -41.175, 87.283, 1, 1, 1, 1
8, 19, 1.5, -300, 0, 0, 0, 0, 0
8, 19.5, 1.5, -300, 0, 0, 0, 0, 0
8, 20, 1.5, -300, 0, 0, 0, 0, 0
8.5, 15.5, 1.5, -300, 0, 0, 0, 0, 0
8.5, 16, 1.5, -41.329, -79.459, 1, 1, 1, 1
8.5, 16.5, 1.5, -41.324, 35.434, 1, 1, 1, 1
8.5, 17, 1.5, -41.32, 97.993, 1, 1, 1, 1
8.5, 17.5, 1.5, -41.32, 108.16, 1, 1, 1, 1
8.5, 18, 1.5, -41.322, 65.925, 1, 1, 1, 1
8.5, 18.5, 1.5, -41.327, -28.672, 1, 1, 1, 1
8.5, 19, 1.5, -300, 0, 0, 0, 0, 0
8.5, 19.5, 1.5, -41.344, -14.562, 1, 1, 1, 1
8.5, 20, 1.5, -300, 0, 0, 0, 0, 0
9, 15.5, 1.5, -300, 0, 0, 0, 0, 0
9, 16, 1.5, -41.478, 165.24, 1, 1, 1, 1
9, 16.5, 1.5, -41.473, -81.828, 1, 1, 1, 1
9, 17, 1.5, -41.47, -20.341, 1, 1, 1, 1
9, 17.5, 1.5, -41.469, -10.349, 1, 1, 1, 1
9, 18, 1.5, -41.471, -51.86, 1, 1, 1, 1
9, 19, 1.5, -300, 0, 0, 0, 0, 0
9, 19.5, 1.5, -41.492, -124.82, 1, 1, 1, 1
9, 20, 1.5, -300, 0, 0, 0, 0, 0
9.5, 15.5, 1.5, -300, 0, 0, 0, 0, 0
9.5, 16, 1.5, -41.625, 49.721, 1, 1, 1, 1
9.5, 16.5, 1.5, -41.619, 160.75, 1, 1, 1, 1
9.5, 17, 1.5, -41.616, -138.8, 1, 1, 1, 1
9.5, 17.5, 1.5, -41.616, -128.98, 1, 1, 1, 1
9.5, 18, 1.5, -41.618, -169.79, 1, 1, 1, 1
9.5, 18.5, 1.5, -41.622, 98.799, 1, 1, 1, 1
9.5, 19, 1.5, -300, 0, 0, 0, 0, 0
9.5, 19.5, 1.5, -41.638, 124.53, 1, 1, 1, 1
9.5, 20, 1.5, -300, 0, 0, 0, 0, 0
10, 15.5, 1.5, -300, 0, 0, 0, 0, 0
10, 16, 1.5, -41.769, -66.021, 1, 1, 1, 1
10, 16.5, 1.5, -41.763, 43.169, 1, 1, 1, 1
10, 17, 1.5, -41.76, 102.62, 1, 1, 1, 1
10, 17.5, 1.5, -41.76, 112.28, 1, 1, 1, 1
10, 18, 1.5, -41.762, 72.145, 1, 1, 1, 1
10, 18.5, 1.5, -41.766, -17.754, 1, 1, 1, 1
10, 19, 1.5, -300, 0, 0, 0, 0, 0
10, 19.5, 1.5, -41.782, 13.493, 1, 1, 1, 1
10, 20, 1.5, -300, 0, 0, 0, 0, 0
10.5, 16.5, 1.5, -41.905, -74.556, 1, 1, 1, 1
10.5, 17, 1.5, -41.902, -16.074, 1, 1, 1, 1
10.5, 17.5, 1.5, -41.902, -6.5707, 1, 1, 1, 1
10.5, 18, 1.5, -41.904, -46.052, 1, 1, 1, 1
10.5, 18.5, 1.5, -41.908, -134.49, 1, 1, 1, 1
10.5, 19, 1.5, -300, 0, 0, 0, 0, 0
10.5, 19.5, 1.5, -41.923, -97.898, 1, 1, 1, 1
10.5, 20, 1.5, -300, 0, 0, 0, 0, 0
11, 16.5, 1.5, -42.045, 167.58, 1, 1, 1, 1
11, 17, 1.5, -42.042, -134.88, 1, 1, 1, 1
11, 17.5, 1.5, -42.042, -125.53, 1, 1, 1, 1
11, 18, 1.5, -42.043, -164.37, 1, 1, 1, 1
11, 18.5, 1.5, -42.047, 108.61, 1, 1, 1, 1
11, 19, 1.5, -300, 0, 0, 0, 0, 0
11, 19.5, 1.5, -300, 0, 0, 0, 0, 0
11, 20, 1.5, -300, 0, 0, 0, 0, 0
11.5, 16.5, 1.5, -42.182, 49.582, 1, 1, 1, 1
11.5, 17, 1.5, -42.179, 106.22, 1, 1, 1, 1
11.5, 17.5, 1.5, -42.179, 115.42, 1, 1, 1, 1
11.5, 18, 1.5, -42.181, 77.186, 1, 1, 1, 1
11.5, 18.5, 1.5, -42.185, -8.4595, 1, 1, 1, 1
11.5, 19, 1.5, -300, 0, 0, 0, 0, 0
12, 16.5, 1.5, -42.317, -68.543, 1, 1, 1, 1
12, 17, 1.5, -42.315, -12.787, 1, 1, 1, 1
12, 17.5, 1.5, -42.314, -3.7266, 1, 1, 1, 1
12, 18, 1.5, -42.316, -41.368, 1, 1, 1, 1
12, 18.5, 1.5, -42.32, -125.68, 1, 1, 1, 1
12, 19, 1.5, -300, 0, 0, 0, 0, 0
12.5, 16.5, 1.5, -42.45, 173.21, 1, 1, 1, 1
12.5, 17, 1.5, -42.448, -131.89, 1, 1, 1, 1
12.5, 17.5, 1.5, -42.448, -122.96, 1, 1, 1, 1
12.5, 18, 1.5, -42.449, -160.03, 1, 1, 1, 1
12.5, 18.5, 1.5, -42.453, 116.95, 1, 1, 1, 1
12.5, 19, 1.5, -300, 0, 0, 0, 0, 0
13, 16.5, 1.5, -42.581, 54.851, 1, 1, 1, 1
13, 17, 1.5, -42.579, 108.93, 1, 1, 1, 1
13, 17.5, 1.5, -42.579, 117.71, 1, 1, 1, 1
13, 18, 1.5, -42.58, 81.207, 1, 1, 1, 1
13, 18.5, 1.5, -300, 0, 0, 0, 0, 0
13, 19, 1.5, -300, 0, 0, 0, 0, 0
13.5, 16.5, 1.5, -42.711, -63.621, 1, 1, 1, 1
13.5, 17, 1.5, -42.708, -10.348, 1, 1, 1, 1
13.5, 17.5, 1.5, -42.708, -1.6914, 1, 1, 1, 1
13.5, 18, 1.5, -42.71, -37.656, 1, 1, 1, 1
13.5, 18.5, 1.5, -300, 0, 0, 0, 0, 0
13.5, 19, 1.5, -300, 0, 0, 0, 0, 0
14, 15.5, 1.5, -300, 0, 0, 0, 0, 0
14, 16, 1.5, -42.842, 81.38, 1, 1, 1, 1
14, 16.5, 1.5, -42.838, 177.8, 1, 1, 1, 1
14, 17, 1.5, -42.836, -129.7, 1, 1, 1, 1
14, 17.5, 1.5, -42.835, -121.17, 1, 1, 1, 1
14, 18, 1.5, -42.837, -156.61, 1, 1, 1, 1
14, 18.5, 1.5, -300, 0, 0, 0, 0, 0
14, 19, 1.5, -300, 0, 0, 0, 0, 0
14.5, 15.5, 1.5, -300, 0, 0, 0, 0, 0
14.5, 16, 1.5, -42.967, -35.909, 1, 1, 1, 1
14.5, 16.5, 1.5, -42.963, 59.124, 1, 1, 1, 1
14.5, 17, 1.5, -42.961, 110.86, 1, 1, 1, 1
14.5, 17.5, 1.5, -42.961, 119.27, 1, 1, 1, 1
14.5, 18, 1.5, -42.962, 84.341, 1, 1, 1, 1
14.5, 18.5, 1.5, -300, 0, 0, 0, 0, 0
14.5, 19, 1.5, -300, 0, 0, 0, 0, 0
15, 15.5, 1.5, -300, 0, 0, 0, 0, 0
15, 16, 1.5, -43.091, -153.33, 1, 1, 1, 1
15, 16.5, 1.5, -43.087, -59.65, 1, 1, 1, 1
15, 17, 1.5, -43.085, -8.6493, 1, 1, 1, 1
15, 17.5, 1.5, -43.085, -0.36158, 1, 1, 1, 1
15, 18, 1.5, -43.086, -34.792, 1, 1, 1, 1
15, 18.5, 1.5, -300, 0, 0, 0, 0, 0
15, 19, 1.5, -300, 0, 0, 0, 0, 0
15.5, 15.5, 1.5, -300, 0, 0, 0, 0, 0
15.5, 16, 1.5, -43.213, 89.112, 1, 1, 1, 1
15.5, 16.5, 1.5, -43.209, -178.52, 1, 1, 1, 1
15.5, 17, 1.5, -43.207, -128.23, 1, 1, 1, 1
15.5, 17.5, 1.5, -43.207, -120.06, 1, 1, 1, 1
15.5, 18, 1.5, -43.208, -154.01, 1, 1, 1, 1
15.5, 18.5, 1.5, -300, 0, 0, 0, 0, 0
15.5, 19, 1.5, -300, 0, 0, 0, 0, 0
16, 15.5, 1.5, -300, 0, 0, 0, 0, 0
16, 16, 1.5, -43.333, -28.568, 1, 1, 1, 1
16, 16.5, 1.5, -43.329, 62.527, 1, 1, 1, 1
16, 17, 1.5, -43.327, 112.12, 1, 1, 1, 1
16, 17.5, 1.5, -43.327, 120.18, 1, 1, 1, 1
16, 18, 1.5, -43.328, 86.698, 1, 1, 1, 1
16, 18.5, 1.5, -43.331, 11.702, 1, 1, 1, 1
16, 19, 1.5, -300, 0, 0, 0, 0, 0
16.5, 16.5, 1.5, -43.448, -56.514, 1, 1, 1, 1
16.5, 17, 1.5, -43.446, -7.5993, 1, 1, 1, 1
16.5, 17.5, 1.5, -43.446, 0.34934, 1, 1, 1, 1
16.5, 18, 1.5, -43.447, -32.673, 1, 1, 1, 1
16.5, 18.5, 1.5, -43.45, -106.65, 1, 1, 1, 1
16.5, 19, 1.5, -300, 0, 0, 0, 0, 0
17, 16.5, 1.5, -43.565, -175.64, 1, 1, 1, 1
17, 17, 1.5, -43.563, -127.38, 1, 1, 1, 1
17, 17.5, 1.5, -43.563, -119.54, 1, 1, 1, 1
17, 18, 1.5, -43.564, -152.12, 1, 1, 1, 1
17, 18.5, 1.5, -43.567, 134.9, 1, 1, 1, 1
17, 19, 1.5, -300, 0, 0, 0, 0, 0
17.5, 16.5, 1.5, -43.68, 65.162, 1, 1, 1, 1
17.5, 17, 1.5, -43.679, 112.78, 1, 1, 1, 1
17.5, 17.5, 1.5, -43.678, 120.52, 1, 1, 1, 1
17.5, 18, 1.5, -43.68, 88.371, 1, 1, 1, 1
17.5, 18.5, 1.5, -43.682, 16.36, 1, 1, 1, 1
17.5, 19, 1.5, -300, 0, 0, 0, 0, 0
18, 16.5, 1.5, -43.794, -54.115, 1, 1, 1, 1
18, 17, 1.5, -43.793, -7.1219, 1, 1, 1, 1
18, 17.5, 1.5, -43.792, 0.51438, 1, 1, 1, 1
18, 18, 1.5, -43.794, -31.21, 1, 1, 1, 1
18, 18.5, 1.5, -43.796, -102.28, 1, 1, 1, 1
18.5, 16.5, 1.5, -43.907, -173.46, 1, 1, 1, 1
18.5, 17, 1.5, -43.905, -127.08, 1, 1, 1, 1
18.5, 17.5, 1.5, -43.905, -119.54, 1, 1, 1, 1
18.5, 18, 1.5, -43.906, -150.85, 1, 1, 1, 1
18.5, 18.5, 1.5, -43.909, 139, 1, 1, 1, 1
19, 16.5, 1.5, -44.018, 67.118, 1, 1, 1, 1
19, 17, 1.5, -44.016, 112.91, 1, 1, 1, 1
19, 17.5, 1.5, -44.016, 120.35, 1, 1, 1, 1
19, 18, 1.5, -44.017, 89.438, 1, 1, 1, 1
19, 18.5, 1.5, -44.02, 20.184, 1, 1, 1, 1
19.5, 16.5, 1.5, -44.128, -52.368, 1, 1, 1, 1
19.5, 17, 1.5, -44.126, -7.152, 1, 1, 1, 1
19.5, 17.5, 1.5, -44.126, 0.19547, 1, 1, 1, 1
19.5, 18, 1.5, -44.127, -30.329, 1, 1, 1, 1
19.5, 18.5, 1.5, -44.129, -98.711, 1, 1, 1, 1
20, 15.5, 1.5, -44.243, -13.314, 1, 1, 1, 1
20, 16, 1.5, -300, 0, 0, 0, 0, 0
20, 16.5, 1.5, -44.236, -171.92, 1, 1, 1, 1
20, 17, 1.5, -44.234, -127.26, 1, 1, 1, 1
20, 17.5, 1.5, -44.234, -120.01, 1, 1, 1, 1
20, 18, 1.5, -44.235, -150.15, 1, 1, 1, 1
20, 18.5, 1.5, -44.238, 142.32, 1, 1, 1, 1
20.5, 15.5, 1.5, -44.35, -130.45, 1, 1, 1, 1
20.5, 16, 1.5, -44.346, -12.551, 1, 1, 1, 1
20.5, 16.5, 1.5, -44.343, 68.47, 1, 1, 1, 1
20.5, 17, 1.5, -44.341, 112.57, 1, 1, 1, 1
20.5, 17.5, 1.5, -44.341, 119.74, 1, 1, 1, 1
20.5, 18, 1.5, -44.342, 89.967, 1, 1, 1, 1
20.5, 18.5, 1.5, -44.344, 23.266, 1, 1, 1, 1
21, 15.5, 1.5, -44.455, 112.29, 1, 1, 1, 1
21, 16, 1.5, -44.451, -131.24, 1, 1, 1, 1
21, 16.5, 1.5, -44.449, -51.202, 1, 1, 1, 1
21, 17, 1.5, -44.447, -7.6341, 1, 1, 1, 1
21, 17.5, 1.5, -44.447, -0.55447, 1, 1, 1, 1
21, 18, 1.5, -44.448, -29.967, 1, 1, 1, 1
21, 18.5, 1.5, -44.45, -95.857, 1, 1, 1, 1
21.5, 15.5, 1.5, -44.56, -5.085, 1, 1, 1, 1
21.5, 16, 1.5, -44.556, 109.99, 1, 1, 1, 1
21.5, 16.5, 1.5, -44.553, -170.93, 1, 1, 1, 1
21.5, 17, 1.5, -44.551, -127.89, 1, 1, 1, 1
21.5, 17.5, 1.5, -44.551, -120.89, 1, 1, 1, 1
21.5, 18, 1.5, -44.552, -149.95, 1, 1, 1, 1
21.5, 18.5, 1.5, -44.554, 144.95, 1, 1, 1, 1
21.5, 19, 1.5, -300, 0, 0, 0, 0, 0
21.5, 19.5, 1.5, -300, 0, 0, 0, 0, 0
21.5, 20, 1.5, -300, 0, 0, 0, 0, 0
21.5, 20.5, 1.5, -44.576, -115.07, 1, 1, 1, 1
22, 15.5, 1.5, -44.663, -122.57, 1, 1, 1, 1
22, 16, 1.5, -44.659, -8.858, 1, 1, 1, 1
22, 16.5, 1.5, -44.656, 69.282, 1, 1, 1, 1
22, 17, 1.5, -44.655, 111.82, 1, 1, 1, 1
22, 17.5, 1.5, -44.654, 118.73, 1, 1, 1, 1
22, 18, 1.5, -44.655, 90.014, 1, 1, 1, 1
22, 18.5, 1.5, -44.658, 25.686, 1, 1, 1, 1
22, 19, 1.5, -300, 0, 0, 0, 0, 0
22, 19.5, 1.5, -300, 0, 0, 0, 0, 0
22, 20, 1.5, -300, 0, 0, 0, 0, 0
22, 20.5, 1.5, -44.678, 133, 1, 1, 1, 1
22.5, 15.5, 1.5, -44.764, 119.84, 1, 1, 1, 1
22.5, 16, 1.5, -44.761, -127.78, 1, 1, 1, 1
22.5, 16.5, 1.5, -44.758, -50.557, 1, 1, 1, 1
22.5, 17, 1.5, -44.757, -8.5207, 1, 1, 1, 1
22.5, 17.5, 1.5, -44.756, -1.69, 1, 1, 1, 1
22.5, 18, 1.5, -44.757, -30.068, 1, 1, 1, 1
22.5, 18.5, 1.5, -44.759, -93.643, 1, 1, 1, 1
22.5, 19, 1.5, -300, 0, 0, 0, 0, 0
22.5, 19.5, 1.5, -300, 0, 0, 0, 0, 0
22.5, 20, 1.5, -300, 0, 0, 0, 0, 0
22.5, 20.5, 1.5, -44.78, 20.831, 1, 1, 1, 1
23, 15.5, 1.5, -44.865, 2.14, 1, 1, 1, 1
23, 16, 1.5, -44.861, 113.22, 1, 1, 1, 1
23, 16.5, 1.5, -44.859, -170.45, 1, 1, 1, 1
23, 17, 1.5, -44.857, -128.9, 1, 1, 1, 1
23, 17.5, 1.5, -44.857, -122.15, 1, 1, 1, 1
23, 18, 1.5, -44.858, -150.2, 1, 1, 1, 1
23, 18.5, 1.5, -44.86, 146.97, 1, 1, 1, 1
23, 19, 1.5, -300, 0, 0, 0, 0, 0
23, 19.5, 1.5, -300, 0, 0, 0, 0, 0
23, 20, 1.5, -300, 0, 0, 0, 0, 0
23, 20.5, 1.5, -44.88, -91.567, 1, 1, 1, 1
23.5, 16.5, 1.5, -44.958, 69.611, 1, 1, 1, 1
23.5, 17, 1.5, -44.957, 110.68, 1, 1, 1, 1
23.5, 17.5, 1.5, -44.957, 117.36, 1, 1, 1, 1
23.5, 18, 1.5, -44.958, 89.631, 1, 1, 1, 1
23.5, 18.5, 1.5, -44.96, 27.512, 1, 1, 1, 1
23.5, 19, 1.5, -300, 0, 0, 0, 0, 0
23.5, 19.5, 1.5, -300, 0, 0, 0, 0, 0
23.5, 20, 1.5, -300, 0, 0, 0, 0, 0
23.5, 20.5, 1.5, -44.979, 155.81, 1, 1, 1, 1
24, 15.5, 1.5, -45.063, 126.45, 1, 1, 1, 1
24, 16, 1.5, -45.059, -124.98, 1, 1, 1, 1
24, 16.5, 1.5, -45.057, -50.379, 1, 1, 1, 1
24, 17, 1.5, -45.056, -9.7704, 1, 1, 1, 1
24, 17.5, 1.5, -45.055, -3.1718, 1, 1, 1, 1
24, 18, 1.5, -45.056, -30.586, 1, 1, 1, 1
24, 18.5, 1.5, -45.058, -92.002, 1, 1, 1, 1
24, 19, 1.5, -300, 0, 0, 0, 0, 0
24, 19.5, 1.5, -300, 0, 0, 0, 0, 0
24, 20, 1.5, -300, 0, 0, 0, 0, 0
24.5, 16.5, 1.5, -45.154, -170.42, 1, 1, 1, 1
24.5, 17, 1.5, -45.153, -130.26, 1, 1, 1, 1
24.5, 17.5, 1.5, -45.153, -123.74, 1, 1, 1, 1
24.5, 18, 1.5, -45.154, -150.84, 1, 1, 1, 1
24.5, 18.5, 1.5, -45.156, 148.43, 1, 1, 1, 1
24.5, 19, 1.5, -300, 0, 0, 0, 0, 0
24.5, 19.5, 1.5, -300, 0, 0, 0, 0, 0
24.5, 20, 1.5, -300, 0, 0, 0, 0, 0
25, 16.5, 1.5, -45.251, 69.503, 1, 1, 1, 1
25, 17, 1.5, -45.249, 109.21, 1, 1, 1, 1
25, 17.5, 1.5, -45.249, 115.67, 1, 1, 1, 1
25, 18, 1.5, -45.25, 88.858, 1, 1, 1, 1
25, 18.5, 1.5, -45.252, 28.802, 1, 1, 1, 1
25, 19, 1.5, -300, 0, 0, 0, 0, 0
25, 19.5, 1.5, -300, 0, 0, 0, 0, 0
25, 20, 1.5, -300, 0, 0, 0, 0, 0
25.5, 16.5, 1.5, -45.346, -50.622, 1, 1, 1, 1
25.5, 17, 1.5, -45.345, -11.348, 1, 1, 1, 1
25.5, 17.5, 1.5, -45.344, -4.9657, 1, 1, 1, 1
25.5, 18, 1.5, -45.345, -31.479, 1, 1, 1, 1
25.5, 18.5, 1.5, -45.347, -90.878, 1, 1, 1, 1
25.5, 19, 1.5, -300, 0, 0, 0, 0, 0
25.5, 19.5, 1.5, -300, 0, 0, 0, 0, 0
25.5, 20, 1.5, -300, 0, 0, 0, 0, 0
26, 16.5, 1.5, -45.44, -170.79, 1, 1, 1, 1
26, 17, 1.5, -45.439, -131.94, 1, 1, 1, 1
26, 17.5, 1.5, -45.439, -125.63, 1, 1, 1, 1
26, 18, 1.5, -45.439, -151.85, 1, 1, 1, 1
26, 18.5, 1.5, -45.441, 149.39, 1, 1, 1, 1
26.5, 16.5, 1.5, -45.533, 69.002, 1, 1, 1, 1
26.5, 17, 1.5, -45.532, 107.43, 1, 1, 1, 1
26.5, 17.5, 1.5, -45.532, 113.68, 1, 1, 1, 1
26.5, 18, 1.5, -45.533, 87.735, 1, 1, 1, 1
26.5, 18.5, 1.5, -45.534, 29.609, 1, 1, 1, 1
27, 16.5, 1.5, -45.625, -51.246, 1, 1, 1, 1
27, 17, 1.5, -45.624, -13.221, 1, 1, 1, 1
27, 17.5, 1.5, -45.624, -7.0419, 1, 1, 1, 1
27, 18, 1.5, -45.625, -32.712, 1, 1, 1, 1
27, 18.5, 1.5, -45.627, -90.222, 1, 1, 1, 1
27.5, 16.5, 1.5, -45.717, -171.53, 1, 1, 1, 1
27.5, 17, 1.5, -45.716, -133.91, 1, 1, 1, 1
27.5, 17.5, 1.5, -45.715, -127.79, 1, 1, 1, 1
27.5, 18, 1.5, -45.716, -153.19, 1, 1, 1, 1
27.5, 18.5, 1.5, -45.718, 149.9, 1, 1, 1, 1
28, 16.5, 1.5, -45.807, 68.144, 1, 1, 1, 1
28, 17, 1.5, -45.806, 105.38, 1, 1, 1, 1
28, 17.5, 1.5, -45.806, 111.43, 1, 1, 1, 1
28, 18, 1.5, -45.806, 86.293, 1, 1, 1, 1
28, 18.5, 1.5, -45.808, 29.977, 1, 1, 1, 1
28.5, 16.5, 1.5, -45.896, -52.216, 1, 1, 1, 1
28.5, 17, 1.5, -45.895, -15.363, 1, 1, 1, 1
28.5, 17.5, 1.5, -45.895, -9.3744, 1, 1, 1, 1
28.5, 18, 1.5, -45.896, -34.253, 1, 1, 1, 1
28.5, 18.5, 1.5, -45.897, -89.99, 1, 1, 1, 1
29, 15.5, 1.5, -45.99, 22.835, 1, 1, 1, 1
29, 16, 1.5, -45.987, 120.37, 1, 1, 1, 1
29, 16.5, 1.5, -45.985, -172.61, 1, 1, 1, 1
29, 17, 1.5, -45.984, -136.13, 1, 1, 1, 1
29, 17.5, 1.5, -45.984, -130.2, 1, 1, 1, 1
29, 18, 1.5, -45.984, -154.83, 1, 1, 1, 1
29, 18.5, 1.5, -45.986, 150, 1, 1, 1, 1
29.5, 15.5, 1.5, -46.077, -95.938, 1, 1, 1, 1
29.5, 16, 1.5, -46.074, 0.6178, 1, 1, 1, 1
29.5, 16.5, 1.5, -46.072, 66.961, 1, 1, 1, 1
29.5, 17.5, 1.5, -46.071, 108.94, 1, 1, 1, 1
29.5, 18, 1.5, -46.072, 84.562, 1, 1, 1, 1
29.5, 18.5, 1.5, -46.073, 29.947, 1, 1, 1, 1
30, 15.5, 1.5, -46.164, 145.22, 1, 1, 1, 1
30, 16, 1.5, -46.161, -119.18, 1, 1, 1, 1
30, 16.5, 1.5, -46.159, -53.5, 1, 1, 1, 1
30, 17, 1.5, -46.158, -17.749, 1, 1, 1, 1
30, 17.5, 1.5, -46.158, -11.94, 1, 1, 1, 1
30, 18, 1.5, -46.159, -36.075, 1, 1, 1, 1
30, 18.5, 1.5, -46.16, -90.145, 1, 1, 1, 1
30.5, 15.5, 1.5, -46.25, 26.322, 1, 1, 1, 1
30.5, 16, 1.5, -46.247, 120.97, 1, 1, 1, 1
30.5, 16.5, 1.5, -46.245, -173.99, 1, 1, 1, 1
30.5, 17, 1.5, -46.244, -138.6, 1, 1, 1, 1
30.5, 17.5, 1.5, -46.244, -132.84, 1, 1, 1, 1
30.5, 18, 1.5, -46.244, -156.74, 1, 1, 1, 1
30.5, 18.5, 1.5, -46.246, 149.72, 1, 1, 1, 1
31, 15.5, 1.5, -46.334, -92.643, 1, 1, 1, 1
31, 16, 1.5, -46.332, 1.0837, 1, 1, 1, 1
31, 16.5, 1.5, -46.33, 65.482, 1, 1, 1, 1
31, 17, 1.5, -46.329, 100.53, 1, 1, 1, 1
31, 17.5, 1.5, -46.329, 106.23, 1, 1, 1, 1
31, 18, 1.5, -46.329, 82.567, 1, 1, 1, 1
31, 18.5, 1.5, -46.331, 29.554, 1, 1, 1, 1
31.5, 15.5, 1.5, -46.419, 148.33, 1, 1, 1, 1
31.5, 16, 1.5, -46.416, -118.85, 1, 1, 1, 1
31.5, 16.5, 1.5, -46.414, -55.072, 1, 1, 1, 1
31.5, 17, 1.5, -46.413, -20.359, 1, 1, 1, 1
31.5, 17.5, 1.5, -46.413, -14.719, 1, 1, 1, 1
31.5, 18, 1.5, -46.414, -38.152, 1, 1, 1, 1
31.5, 18.5, 1.5, -46.415, -90.653, 1, 1, 1, 1
32, 14, 1.5, -300, 0, 0, 0, 0, 0
32, 14.5, 1.5, -300, 0, 0, 0, 0, 0
32, 15, 1.5, -46.505, -91.423, 1, 1, 1, 1
32, 15.5, 1.5, -46.502, 29.25, 1, 1, 1, 1
32, 16, 1.5, -46.499, 121.18, 1, 1, 1, 1
32, 16.5, 1.5, -46.498, -175.66, 1, 1, 1, 1
32, 17, 1.5, -46.497, -141.28, 1, 1, 1, 1
32, 17.5, 1.5, -46.496, -135.69, 1, 1, 1, 1
32, 18, 1.5, -46.497, -158.9, 1, 1, 1, 1
32, 18.5, 1.5, -46.499, 149.1, 1, 1, 1, 1
32.5, 14, 1.5, -300, 0, 0, 0, 0, 0
32.5, 14.5, 1.5, -300, 0, 0, 0, 0, 0
32.5, 15, 1.5, -46.588, 150.58, 1, 1, 1, 1
32.5, 15.5, 1.5, -46.584, -89.89, 1, 1, 1, 1
32.5, 16, 1.5, -46.582, 1.1681, 1, 1, 1, 1
32.5, 16.5, 1.5, -46.58, 63.733, 1, 1, 1, 1
32.5, 17, 1.5, -46.579, 97.786, 1, 1, 1, 1
32.5, 17.5, 1.5, -46.579, 103.32, 1, 1, 1, 1
32.5, 18, 1.5, -46.58, 80.331, 1, 1, 1, 1
32.5, 18.5, 1.5, -46.581, 28.827, 1, 1, 1, 1
33, 14, 1.5, -300, 0, 0, 0, 0, 0
33, 14.5, 1.5, -300, 0, 0, 0, 0, 0
33, 15, 1.5, -46.669, 32.509, 1, 1, 1, 1
33, 15.5, 1.5, -300, 0, 0, 0, 0, 0
33, 16, 1.5, -46.664, -118.88, 1, 1, 1, 1
33, 16.5, 1.5, -46.662, -56.907, 1, 1, 1, 1
33, 17, 1.5, -46.661, -23.174, 1, 1, 1, 1
33, 17.5, 1.5, -46.661, -17.692, 1, 1, 1, 1
33, 18, 1.5, -46.661, -40.464, 1, 1, 1, 1
33, 18.5, 1.5, -46.663, -91.484, 1, 1, 1, 1
21.5, 21, 1.5, -300, 0, 0, 0, 0, 0
21.5, 21.5, 1.5, -300, 0, 0, 0, 0, 0
21.5, 22, 1.5, -300, 0, 0, 0, 0, 0
21.5, 22.5, 1.5, -300, 0, 0, 0, 0, 0
21.5, 23, 1.5, -300, 0, 0, 0, 0, 0
21.5, 23.5, 1.5, -44.645, 45.446, 1, 1, 1, 1
21.5, 24, 1.5, -300, 0, 0, 0, 0, 0
21.5, 24.5, 1.5, -300, 0, 0, 0, 0, 0
21.5, 25, 1.5, -300, 0, 0, 0, 0, 0
21.5, 25.5, 1.5, -300, 0, 0, 0, 0, 0
21.5, 26, 1.5, -300, 0, 0, 0, 0, 0
21.5, 26.5, 1.5, -300, 0, 0, 0, 0, 0
21.5, 27, 1.5, -300, 0, 0, 0, 0, 0
21.5, 27.5, 1.5, -300, 0, 0, 0, 0, 0
21.5, 28, 1.5, -300, 0, 0, 0, 0, 0
21.5, 28.5, 1.5, -300, 0, 0, 0, 0, 0
21.5, 29, 1.5, -300, 0, 0, 0, 0, 0
21.5, 29.5, 1.5, -300, 0, 0, 0, 0, 0
21.5, 30, 1.5, -300, 0, 0, 0, 0, 0
21.5, 30.5, 1.5, -300, 0, 0, 0, 0, 0
21.5, 31, 1.5, -300, 0, 0, 0, 0, 0
22, 21, 1.5, -300, 0, 0, 0, 0, 0
22, 21.5, 1.5, -300, 0, 0, 0, 0, 0
22, 22, 1.5, -300, 0, 0, 0, 0, 0
22, 22.5, 1.5, -300, 0, 0, 0, 0, 0
22, 23, 1.5, -300, 0, 0, 0, 0, 0
22, 23.5, 1.5, -44.746, -43.086, 1, 1, 1, 1
22, 24, 1.5, -300, 0, 0, 0, 0, 0
22, 24.5, 1.5, -300, 0, 0, 0, 0, 0
22, 25, 1.5, -300, 0, 0, 0, 0, 0
22, 25.5, 1.5, -300, 0, 0, 0, 0, 0
22, 26, 1.5, -300, 0, 0, 0, 0, 0
22, 26.5, 1.5, -300, 0, 0, 0, 0, 0
22, 27, 1.5, -300, 0, 0, 0, 0, 0
22, 27.5, 1.5, -300, 0, 0, 0, 0, 0
22, 28, 1.5, -300, 0, 0, 0, 0, 0
22, 28.5, 1.5, -300, 0, 0, 0, 0, 0
22, 29, 1.5, -300, 0, 0, 0, 0, 0
22, 29.5, 1.5, -300, 0, 0, 0, 0, 0
22, 30, 1.5, -300, 0, 0, 0, 0, 0
22, 30.5, 1.5, -300, 0, 0, 0, 0, 0
22, 31, 1.5, -300, 0, 0, 0, 0, 0
22.5, 21, 1.5, -300, 0, 0, 0, 0, 0
22.5, 21.5, 1.5, -300, 0, 0, 0, 0, 0
22.5, 22, 1.5, -300, 0, 0, 0, 0, 0
22.5, 22.5, 1.5, -300, 0, 0, 0, 0, 0
22.5, 23, 1.5, -300, 0, 0, 0, 0, 0
22.5, 23.5, 1.5, -44.845, -132.39, 1, 1, 1, 1
22.5, 24, 1.5, -300, 0, 0, 0, 0, 0
22.5, 24.5, 1.5, -300, 0, 0, 0, 0, 0
22.5, 25, 1.5, -300, 0, 0, 0, 0, 0
22.5, 25.5, 1.5, -300, 0, 0, 0, 0, 0
22.5, 26, 1.5, -300, 0, 0, 0, 0, 0
22.5, 26.5, 1.5, -300, 0, 0, 0, 0, 0
22.5, 27, 1.5, -300, 0, 0, 0, 0, 0
22.5, 27.5, 1.5, -300, 0, 0, 0, 0, 0
22.5, 28, 1.5, -300, 0, 0, 0, 0, 0
22.5, 28.5, 1.5, -300, 0, 0, 0, 0, 0
22.5, 29, 1.5, -300, 0, 0, 0, 0, 0
22.5, 29.5, 1.5, -300, 0, 0, 0, 0, 0
22.5, 30, 1.5, -300, 0, 0, 0, 0, 0
22.5, 30.5, 1.5, -300, 0, 0, 0, 0, 0
22.5, 31, 1.5, -300, 0, 0, 0, 0, 0
23, 21, 1.5, -300, 0, 0, 0, 0, 0
23, 21.5, 1.5, -300, 0, 0, 0, 0, 0
23, 22, 1.5, -300, 0, 0, 0, 0, 0
23, 22.5, 1.5, -300, 0, 0, 0, 0, 0
23, 23, 1.5, -300, 0, 0, 0, 0, 0
23, 23.5, 1.5, -300, 0, 0, 0, 0, 0
23, 24, 1.5, -44.959, 56.712, 1, 1, 1, 1
23, 24.5, 1.5, -300, 0, 0, 0, 0, 0
23, 25, 1.5, -300, 0, 0, 0, 0, 0
23, 25.5, 1.5, -300, 0, 0, 0, 0, 0
23, 26, 1.5, -300, 0, 0, 0, 0, 0
23, 26.5, 1.5, -300, 0, 0, 0, 0, 0
23, 27, 1.5, -300, 0, 0, 0, 0, 0
23, 27.5, 1.5, -300, 0, 0, 0, 0, 0
23, 28, 1.5, -300, 0, 0, 0, 0, 0
23, 28.5, 1.5, -300, 0, 0, 0, 0, 0
23, 29, 1.5, -300, 0, 0, 0, 0, 0
23, 29.5, 1.5, -300, 0, 0, 0, 0, 0
23, 30, 1.5, -300, 0, 0, 0, 0, 0
23, 30.5, 1.5, -300, 0, 0, 0, 0, 0
23, 31, 1.5, -300, 0, 0, 0, 0, 0
23.5, 21, 1.5, -300, 0, 0, 0, 0, 0
23.5, 22, 1.5, -300, 0, 0, 0, 0, 0
23.5, 22.5, 1.5, -300, 0, 0, 0, 0, 0
23.5, 23, 1.5, -300, 0, 0, 0, 0, 0
23.5, 23.5, 1.5, -300, 0, 0, 0, 0, 0
23.5, 24, 1.5, -45.056, -29.123, 1, 1, 1, 1
23.5, 24.5, 1.5, -300, 0, 0, 0, 0, 0
23.5, 25, 1.5, -300, 0, 0, 0, 0, 0
23.5, 25.5, 1.5, -300, 0, 0, 0, 0, 0
23.5, 26, 1.5, -300, 0, 0, 0, 0, 0
23.5, 26.5, 1.5, -300, 0, 0, 0, 0, 0
23.5, 27, 1.5, -300, 0, 0, 0, 0, 0
23.5, 28, 1.5, -300, 0, 0, 0, 0, 0
23.5, 28.5, 1.5, -300, 0, 0, 0, 0, 0
23.5, 29, 1.5, -300, 0, 0, 0, 0, 0
23.5, 29.5, 1.5, -300, 0, 0, 0, 0, 0
23.5, 30, 1.5, -300, 0, 0, 0, 0, 0
23.5, 30.5, 1.5, -300, 0, 0, 0, 0, 0
23.5, 31, 1.5, -300, 0, 0, 0, 0, 0
